id,title,url
48657110,1938 Kentucky license plate.jpg,https://upload.wikimedia.org/wikipedia/commons/f/f5/1938_Kentucky_license_plate.jpg
2877040,Caburgua5.jpg,https://upload.wikimedia.org/wikipedia/commons/f/f5/Caburgua5.jpg
31273144,2007 Triumph Bonneville Black.jpg,https://upload.wikimedia.org/wikipedia/commons/9/94/2007_Triumph_Bonneville_Black.jpg
89426067,Street Scene Monotype.jpg,https://upload.wikimedia.org/wikipedia/commons/f/fd/Street_Scene_Monotype.jpg
36442213,Rao Madhusudan Singh (Barauli) is opening of a programme.jpg,https://upload.wikimedia.org/wikipedia/commons/6/61/Rao_Madhusudan_Singh_%28Barauli%29_is_opening_of_a_programme.jpg
24444840,Sidalcea robusta (5987756437).jpg,https://upload.wikimedia.org/wikipedia/commons/2/2d/Sidalcea_robusta_%285987756437%29.jpg
15686155,"Kvarnen, dammluckorna och restaurangen.jpg",https://upload.wikimedia.org/wikipedia/commons/f/fd/Kvarnen%2C_dammluckorna_och_restaurangen.jpg
7028548,Canterbury East Signal Box.JPG,https://upload.wikimedia.org/wikipedia/commons/9/96/Canterbury_East_Signal_Box.JPG
20004431,St Lawrence Tunnel geograph-3003669-by-Ben-Brooksbank.jpg,https://upload.wikimedia.org/wikipedia/commons/6/6e/St_Lawrence_Tunnel_geograph-3003669-by-Ben-Brooksbank.jpg
47340565,"Bruno paul per k.m. seifert & co. e vereinigte werkstätten für kunst im handwerk, sedia con braccioli, dresda-monaco 1900.JPG",https://upload.wikimedia.org/wikipedia/commons/d/db/Bruno_paul_per_k.m._seifert_%26_co._e_vereinigte_werkst%C3%A4tten_f%C3%BCr_kunst_im_handwerk%2C_sedia_con_braccioli%2C_dresda-monaco_1900.JPG
27602891,Nanjizal cove from Carn Boel August 2008.jpg,https://upload.wikimedia.org/wikipedia/commons/6/67/Nanjizal_cove_from_Carn_Boel_August_2008.jpg
19262326,Bahnhofstraße 4 Königswartha.JPG,https://upload.wikimedia.org/wikipedia/commons/d/db/Bahnhofstra%C3%9Fe_4_K%C3%B6nigswartha.JPG
89513026,Carnegie Hill Tower 2020 jeh.jpg,https://upload.wikimedia.org/wikipedia/commons/a/a7/Carnegie_Hill_Tower_2020_jeh.jpg
87825768,"Arthur Wellesley, 1st Duke of Wellington - Project Gutenberg 13103.jpg",https://upload.wikimedia.org/wikipedia/commons/6/6f/Arthur_Wellesley%2C_1st_Duke_of_Wellington_-_Project_Gutenberg_13103.jpg
4165944,Portrait lloyd milad.jpg,https://upload.wikimedia.org/wikipedia/commons/0/05/Portrait_lloyd_milad.jpg
32628045,Muzeum Więzienia Pawiak 006.JPG,https://upload.wikimedia.org/wikipedia/commons/8/83/Muzeum_Wi%C4%99zienia_Pawiak_006.JPG
28872336,20thcenturylobbycard.jpg,https://upload.wikimedia.org/wikipedia/commons/f/fd/20thcenturylobbycard.jpg
85100375,Talent TV and Pong.jpg,https://upload.wikimedia.org/wikipedia/commons/1/12/Talent_TV_and_Pong.jpg
11892656,DeltaCountyMichiganBuilding.jpg,https://upload.wikimedia.org/wikipedia/commons/c/c4/DeltaCountyMichiganBuilding.jpg
14985692,US Third Fleet warships enroute to the Philippines January 1945.jpg,https://upload.wikimedia.org/wikipedia/commons/a/a3/US_Third_Fleet_warships_enroute_to_the_Philippines_January_1945.jpg
37083548,Arrah na Pogue Wiki.jpg,https://upload.wikimedia.org/wikipedia/commons/4/48/Arrah_na_Pogue_Wiki.jpg
36016249,FebianBrandy.jpg,https://upload.wikimedia.org/wikipedia/commons/f/f5/FebianBrandy.jpg
29260681,NRP Andromeda A5203.JPG,https://upload.wikimedia.org/wikipedia/commons/c/c8/NRP_Andromeda_A5203.JPG
23120721,Rio Tarija & rio chiquiaca.jpg,https://upload.wikimedia.org/wikipedia/commons/9/94/Rio_Tarija_%26_rio_chiquiaca.jpg
68888467,Air ticket with multiple passengers in single record.png,https://upload.wikimedia.org/wikipedia/commons/0/02/Air_ticket_with_multiple_passengers_in_single_record.png
14142722,Cleasby Village Green - geograph.org.uk - 1402243.jpg,https://upload.wikimedia.org/wikipedia/commons/3/3e/Cleasby_Village_Green_-_geograph.org.uk_-_1402243.jpg
36587941,Wat Khao Phra Yai (Pattaya) 02.JPG,https://upload.wikimedia.org/wikipedia/commons/c/c3/Wat_Khao_Phra_Yai_%28Pattaya%29_02.JPG
34696486,Owl Drug Company logo 1917 Douglas Arizona.jpg,https://upload.wikimedia.org/wikipedia/commons/b/b8/Owl_Drug_Company_logo_1917_Douglas_Arizona.jpg
16320841,Golden Piper larva side Athlone D 18 02 2011.JPG,https://upload.wikimedia.org/wikipedia/commons/0/07/Golden_Piper_larva_side_Athlone_D_18_02_2011.JPG
36333781,"Kings College, Aberdeen about 1661. Wellcome M0008087.jpg",https://upload.wikimedia.org/wikipedia/commons/6/6b/Kings_College%2C_Aberdeen_about_1661._Wellcome_M0008087.jpg
5118122,"031 Conrad Cichorius, Die Reliefs der Traianssäule, Tafel XXXI (Ausschnitt 01).jpg",https://upload.wikimedia.org/wikipedia/commons/8/8b/031_Conrad_Cichorius%2C_Die_Reliefs_der_Traianss%C3%A4ule%2C_Tafel_XXXI_%28Ausschnitt_01%29.jpg
12839477,RM33509 Schoonhoven - Kazerne (foto 4).jpg,https://upload.wikimedia.org/wikipedia/commons/e/e6/RM33509_Schoonhoven_-_Kazerne_%28foto_4%29.jpg
15844761,Borders Bookshop Southampton Contrast Adjusted.jpg,https://upload.wikimedia.org/wikipedia/commons/c/c4/Borders_Bookshop_Southampton_Contrast_Adjusted.jpg
33593971,"117 Cherry Street Greenville, Kentucky.png",https://upload.wikimedia.org/wikipedia/commons/a/a2/117_Cherry_Street_Greenville%2C_Kentucky.png
36806138,"Jang Seo-hee at The Exhibition of Three Korean Artists at Today Art Museum in Beijing, China.jpg",https://upload.wikimedia.org/wikipedia/commons/1/11/Jang_Seo-hee_at_The_Exhibition_of_Three_Korean_Artists_at_Today_Art_Museum_in_Beijing%2C_China.jpg
44371617,Sea Dance Festival 2015 (1).jpg,https://upload.wikimedia.org/wikipedia/commons/d/d5/Sea_Dance_Festival_2015_%281%29.jpg
86668004,Hannah Fidell at SXSW.jpg,https://upload.wikimedia.org/wikipedia/commons/a/aa/Hannah_Fidell_at_SXSW.jpg
7922247,Овчар.jpg,https://upload.wikimedia.org/wikipedia/commons/9/9b/%D0%9E%D0%B2%D1%87%D0%B0%D1%80.jpg
62667604,H3 3i4 UHS plane at infinity.png,https://upload.wikimedia.org/wikipedia/commons/2/24/H3_3i4_UHS_plane_at_infinity.png
17585357,Töchter des Johann Julius von Vieth und Golssenau.jpg,https://upload.wikimedia.org/wikipedia/commons/4/46/T%C3%B6chter_des_Johann_Julius_von_Vieth_und_Golssenau.jpg
36177,Charles Darwin 1816.jpg,https://upload.wikimedia.org/wikipedia/commons/6/6c/Charles_Darwin_1816.jpg
17725552,Laestadius Hjorth2.jpg,https://upload.wikimedia.org/wikipedia/commons/7/76/Laestadius_Hjorth2.jpg
3608534,E60hud.JPG,https://upload.wikimedia.org/wikipedia/commons/f/f3/E60hud.JPG
40652144,"Nuclear Fuel Cycle Royal Commission press conference with Kevin Scarce, Adelaide, South Australia.jpg",https://upload.wikimedia.org/wikipedia/commons/b/b5/Nuclear_Fuel_Cycle_Royal_Commission_press_conference_with_Kevin_Scarce%2C_Adelaide%2C_South_Australia.jpg
10382850,Ecuador Biblián 01.jpg,https://upload.wikimedia.org/wikipedia/commons/8/8b/Ecuador_Bibli%C3%A1n_01.jpg
6855791,Käsimõõk.png,https://upload.wikimedia.org/wikipedia/commons/9/95/K%C3%A4sim%C3%B5%C3%B5k.png
31165354,Alyn Smith MEP 001.jpeg,https://upload.wikimedia.org/wikipedia/commons/8/83/Alyn_Smith_MEP_001.jpeg
21943741,Scott Wells.jpg,https://upload.wikimedia.org/wikipedia/commons/9/9c/Scott_Wells.jpg
47640968,"St. Botolph's church, Botolphs, West Sussex.jpg",https://upload.wikimedia.org/wikipedia/commons/e/e1/St._Botolph%27s_church%2C_Botolphs%2C_West_Sussex.jpg
27836778,Stigmella speciosa BE-MK-1648b.jpg,https://upload.wikimedia.org/wikipedia/commons/3/35/Stigmella_speciosa_BE-MK-1648b.jpg
42950634,Hungarian-Serbian border barrier 0.jpg,https://upload.wikimedia.org/wikipedia/commons/7/7e/Hungarian-Serbian_border_barrier_0.jpg
3031891,Lancia Thema Station Wagon Milanese.jpg,https://upload.wikimedia.org/wikipedia/commons/0/03/Lancia_Thema_Station_Wagon_Milanese.jpg
47131785,Yahya Ale Eshaq.jpg,https://upload.wikimedia.org/wikipedia/commons/b/b9/Yahya_Ale_Eshaq.jpg
53750881,RedeArms.png,https://upload.wikimedia.org/wikipedia/commons/0/03/RedeArms.png
18099101,Floor plan of railroad chapel car St. Paul.JPG,https://upload.wikimedia.org/wikipedia/commons/3/39/Floor_plan_of_railroad_chapel_car_St._Paul.JPG
11241173,Ayuntamineto De Tenosique.jpg,https://upload.wikimedia.org/wikipedia/commons/6/69/Ayuntamineto_De_Tenosique.jpg
5239180,Dean Chynoweth.jpg,https://upload.wikimedia.org/wikipedia/commons/5/5d/Dean_Chynoweth.jpg
31965359,Americanaussieoutlet.jpg,https://upload.wikimedia.org/wikipedia/commons/2/20/Americanaussieoutlet.jpg
15764612,Péterváradi csata-1716.jpg,https://upload.wikimedia.org/wikipedia/commons/3/38/P%C3%A9terv%C3%A1radi_csata-1716.jpg
41313268,Barwick Church (St Mary Magdalene) (geograph 4040069).jpg,https://upload.wikimedia.org/wikipedia/commons/1/17/Barwick_Church_%28St_Mary_Magdalene%29_%28geograph_4040069%29.jpg
79313430,James Roberts City.jpg,https://upload.wikimedia.org/wikipedia/commons/1/15/James_Roberts_City.jpg
7187715,NLN Anthony Weiner.jpg,https://upload.wikimedia.org/wikipedia/commons/c/c0/NLN_Anthony_Weiner.jpg
74529277,Huntington art gallery at huntington library california (cropped).jpg,https://upload.wikimedia.org/wikipedia/commons/e/ec/Huntington_art_gallery_at_huntington_library_california_%28cropped%29.jpg
16984655,Aleut sax.jpg,https://upload.wikimedia.org/wikipedia/commons/f/f5/Aleut_sax.jpg
41559324,"Coast Guard, interagency gathering 140219-G-DX440-058.jpg",https://upload.wikimedia.org/wikipedia/commons/2/2a/Coast_Guard%2C_interagency_gathering_140219-G-DX440-058.jpg
6066844,Eastview-Shopping-Centre.jpg,https://upload.wikimedia.org/wikipedia/commons/7/72/Eastview-Shopping-Centre.jpg
18208790,Sangha districts.png,https://upload.wikimedia.org/wikipedia/commons/d/d3/Sangha_districts.png
68714285,Cementerio Sad Hill 3.jpg,https://upload.wikimedia.org/wikipedia/commons/c/c4/Cementerio_Sad_Hill_3.jpg
32988664,Benjamin Tingley Rogers.jpg,https://upload.wikimedia.org/wikipedia/commons/b/ba/Benjamin_Tingley_Rogers.jpg
18166257,Fleischmannia incarnata Arkansas 2011.jpg,https://upload.wikimedia.org/wikipedia/commons/4/48/Fleischmannia_incarnata_Arkansas_2011.jpg
27858329,Bridge over the River Derwent.jpg,https://upload.wikimedia.org/wikipedia/commons/6/6e/Bridge_over_the_River_Derwent.jpg
5004586,Valais Alps.jpg,https://upload.wikimedia.org/wikipedia/commons/5/50/Valais_Alps.jpg
55090163,Bushpig (Potamochoerus larvatus) in the camp ... (31489633423).jpg,https://upload.wikimedia.org/wikipedia/commons/a/a8/Bushpig_%28Potamochoerus_larvatus%29_in_the_camp_..._%2831489633423%29.jpg
9011140,Al Bakour 1.jpg,https://upload.wikimedia.org/wikipedia/commons/e/eb/Al_Bakour_1.jpg
63464741,Clamp holder with ring stand.png,https://upload.wikimedia.org/wikipedia/commons/f/f3/Clamp_holder_with_ring_stand.png
62002627,Tarnowsky Serge.jpg,https://upload.wikimedia.org/wikipedia/commons/7/73/Tarnowsky_Serge.jpg
41464083,Jacobus US Post Office 17407 York Co PA.jpg,https://upload.wikimedia.org/wikipedia/commons/a/a2/Jacobus_US_Post_Office_17407_York_Co_PA.jpg
72287042,"11625 Rainwater Dr, Alpharetta, GA Aug 2018.jpg",https://upload.wikimedia.org/wikipedia/commons/1/16/11625_Rainwater_Dr%2C_Alpharetta%2C_GA_Aug_2018.jpg
12441391,Pope Marcellus II.PNG,https://upload.wikimedia.org/wikipedia/commons/7/75/Pope_Marcellus_II.PNG
14861718,Jesus del gran poder.jpg,https://upload.wikimedia.org/wikipedia/commons/8/8e/Jesus_del_gran_poder.jpg
70545898,Favoriten (Wien) - Veranstaltungshalle „Hallmann Dome“.JPG,https://upload.wikimedia.org/wikipedia/commons/7/71/Favoriten_%28Wien%29_-_Veranstaltungshalle_%E2%80%9EHallmann_Dome%E2%80%9C.JPG
5942528,MediaWiki 1.10 dbschema.svg,https://upload.wikimedia.org/wikipedia/commons/f/f8/MediaWiki_1.10_dbschema.svg
71189637,15 10 01 CISTEM Training CIC.png,https://upload.wikimedia.org/wikipedia/commons/7/73/15_10_01_CISTEM_Training_CIC.png
1607481,Plunger 08.jpg,https://upload.wikimedia.org/wikipedia/commons/e/e9/Plunger_08.jpg
30426883,Odemo Akisanya After Being Ordained.JPG,https://upload.wikimedia.org/wikipedia/commons/2/2e/Odemo_Akisanya_After_Being_Ordained.JPG
422126,Renault-R-35-latrun-4.jpg,https://upload.wikimedia.org/wikipedia/commons/3/30/Renault-R-35-latrun-4.jpg
39340042,Mt Harvey from Bowen Island.jpg,https://upload.wikimedia.org/wikipedia/commons/2/21/Mt_Harvey_from_Bowen_Island.jpg
34553811,Shuttle UM Gilligs Advantage.jpg,https://upload.wikimedia.org/wikipedia/commons/0/06/Shuttle_UM_Gilligs_Advantage.jpg
4955057,Sydenhamcrash2.png,https://upload.wikimedia.org/wikipedia/commons/e/e3/Sydenhamcrash2.png
33197403,Rinse Zijlstra.jpg,https://upload.wikimedia.org/wikipedia/commons/9/9e/Rinse_Zijlstra.jpg
13220223,"St Kenelm's Church, Romsley - geograph.org.uk - 673174.jpg",https://upload.wikimedia.org/wikipedia/commons/d/d2/St_Kenelm%27s_Church%2C_Romsley_-_geograph.org.uk_-_673174.jpg
5009769,Kangxi-Lugou-rebuilding-stele-3581.jpg,https://upload.wikimedia.org/wikipedia/commons/b/b2/Kangxi-Lugou-rebuilding-stele-3581.jpg
30046415,"Crystal Palace, Holgate Road, York (12th June 2013) 003.JPG",https://upload.wikimedia.org/wikipedia/commons/3/3d/Crystal_Palace%2C_Holgate_Road%2C_York_%2812th_June_2013%29_003.JPG
88257224,Ganz LOGO current.png,https://upload.wikimedia.org/wikipedia/commons/a/ab/Ganz_LOGO_current.png
86303211,Süleymaniye Hamam.jpg,https://upload.wikimedia.org/wikipedia/commons/3/3f/S%C3%BCleymaniye_Hamam.jpg
6031465,Tienstin- PCard-1.jpg,https://upload.wikimedia.org/wikipedia/commons/b/b2/Tienstin-_PCard-1.jpg
18934197,Yoshihiro-Nishimura.jpg,https://upload.wikimedia.org/wikipedia/commons/9/98/Yoshihiro-Nishimura.jpg
36409000,Kulula B737-8LD ZS-ZWB (8613678109).jpg,https://upload.wikimedia.org/wikipedia/commons/8/85/Kulula_B737-8LD_ZS-ZWB_%288613678109%29.jpg
694370,Satellite Temperatures.png,https://upload.wikimedia.org/wikipedia/commons/7/7e/Satellite_Temperatures.png
38207993,NorwalkCTCtr4ContempPrintmkg09032007.JPG,https://upload.wikimedia.org/wikipedia/commons/a/ab/NorwalkCTCtr4ContempPrintmkg09032007.JPG
