url0,url1,url2,url3,url4,url5,url6,url7,url8,url9
https://upload.wikimedia.org/wikipedia/commons/d/d2/Icefields_Parkway-01.jpg,https://upload.wikimedia.org/wikipedia/commons/8/8d/Regimontanus_house_divisions.jpg,https://upload.wikimedia.org/wikipedia/commons/0/06/Weekly_excess_flu_death_rates_per_100%2C000_for_4_US_cities_final_16_weeks_of_1918.png,https://upload.wikimedia.org/wikipedia/commons/f/f3/Whitby_through_the_Lobster_Pots.jpg,https://upload.wikimedia.org/wikipedia/commons/5/51/Pelorus_River_from_Pelorus_Bridge.jpg,https://upload.wikimedia.org/wikipedia/commons/3/35/YadkinRiver.jpg,https://upload.wikimedia.org/wikipedia/commons/f/f4/Alma_antenna_in_transit.jpg,https://upload.wikimedia.org/wikipedia/commons/8/89/E-2_10_TL_arka.jpg,https://upload.wikimedia.org/wikipedia/commons/d/dc/Gherman_Solovetski.jpg,https://upload.wikimedia.org/wikipedia/commons/5/55/Tabcorp_logo_Blue_RGB.jpg
https://upload.wikimedia.org/wikipedia/commons/f/fd/Porphyry_house_divisions.jpg,https://upload.wikimedia.org/wikipedia/commons/6/6a/A_Small_Town_Idol_%281921%29_-_4.jpg,https://upload.wikimedia.org/wikipedia/commons/e/e2/BWV1001-cropped.jpg,https://upload.wikimedia.org/wikipedia/commons/f/f3/Haze%27evot_12.jpg,https://upload.wikimedia.org/wikipedia/commons/2/27/Logo_Nuevo_Banco_de_Santa_Fe.svg,https://upload.wikimedia.org/wikipedia/commons/9/93/%D7%93%D7%95%D7%A8%D7%95%D7%9F_%D7%A1%D7%A4%D7%99%D7%A8.JPG,https://upload.wikimedia.org/wikipedia/commons/8/81/Jorge_Arraiza1.JPG,https://upload.wikimedia.org/wikipedia/commons/3/35/Ausztria%2C_Gr%C3%A1c%2C_Schlo%C3%9Fbergbahn%2C_0082.JPG,https://upload.wikimedia.org/wikipedia/commons/c/c6/AcrocephalusMendanaeKeulemans.jpg,https://upload.wikimedia.org/wikipedia/commons/3/3a/Jared_Landers_777_Lucas_Oil_Late_Model_2015_Oshkosh_pan.jpg
https://upload.wikimedia.org/wikipedia/commons/3/3b/Legacy_Trail_Overpass.jpg,https://upload.wikimedia.org/wikipedia/commons/1/17/Slide28ior.JPG,https://upload.wikimedia.org/wikipedia/commons/e/e6/Ontario_Rb-84A.svg,https://upload.wikimedia.org/wikipedia/commons/6/61/Skuleskogen_North_entrance.jpg,https://upload.wikimedia.org/wikipedia/commons/9/90/Dome_Richelieu_1.jpg,https://upload.wikimedia.org/wikipedia/commons/d/d1/Charles_W._Woodworth_reading.jpg,https://upload.wikimedia.org/wikipedia/commons/b/b5/Gb-tramlink-tickets.jpg,https://upload.wikimedia.org/wikipedia/commons/7/79/Lake_Toba_location.png,https://upload.wikimedia.org/wikipedia/commons/c/c2/Collatz-graph-50-no27.svg,https://upload.wikimedia.org/wikipedia/commons/c/c0/British_Museum_Yemen_05.jpg
https://upload.wikimedia.org/wikipedia/commons/8/87/Shelter_at_King%27s_Esplanade%2C_Hove_%28near_Lansdowne_Place%29_%28NHLE_Code_1280525%29_%28January_2012%29.jpg,https://upload.wikimedia.org/wikipedia/commons/c/c1/De_Witt_Clinton_by_Henry_Inman.jpg,https://upload.wikimedia.org/wikipedia/commons/6/6c/US-%2450-IBN-1865-Fr.212d.jpg,https://upload.wikimedia.org/wikipedia/commons/9/99/Scaphognathus_crassirostris_cast_-_Pterosaurs_Flight_in_the_Age_of_Dinosaurs.jpg,https://upload.wikimedia.org/wikipedia/commons/7/74/Map_of_Morocco_and_Western_Sahara-fr.svg,https://upload.wikimedia.org/wikipedia/commons/f/fc/Ignition_SQL_Bridge_Diagram.jpg,https://upload.wikimedia.org/wikipedia/commons/d/d2/Sportfreunde_Lotte_Performance_Chart.png,https://upload.wikimedia.org/wikipedia/commons/e/eb/Patricia_Mora%2C_FA_-_Costa_Rica_%28cropped%29.JPG,https://upload.wikimedia.org/wikipedia/commons/a/a9/Dodecahedron_t01_v.png,https://upload.wikimedia.org/wikipedia/commons/f/f7/Ty_Frannan%2C_birthplace_of_author_W._D._Owen_%281874%29_-_geograph.org.uk_-_111671.jpg
https://upload.wikimedia.org/wikipedia/commons/e/e8/PC_DiamondAnatomy_B-W.jpg,https://upload.wikimedia.org/wikipedia/commons/9/9d/Martin_Kohlstedt%2C_Gamma_Festival_2017%2C_Russia.png,https://upload.wikimedia.org/wikipedia/commons/0/0b/Gaston_Gourde.JPG,https://upload.wikimedia.org/wikipedia/commons/4/41/Singapore_Art_Museum%2C_2012.jpg,https://upload.wikimedia.org/wikipedia/commons/4/45/Musical_band.jpg,https://upload.wikimedia.org/wikipedia/commons/e/e7/Princetown_-_HM_Prison_Dartmoor_%28geograph_5487986%29.jpg,https://upload.wikimedia.org/wikipedia/commons/b/b5/Works_of_Archimedes_Lemmas.PNG,https://upload.wikimedia.org/wikipedia/commons/5/52/VM-firande.jpg,https://upload.wikimedia.org/wikipedia/commons/d/dd/Map_of_New_Mexico_highlighting_Cibola_County.svg,https://upload.wikimedia.org/wikipedia/commons/0/0b/Amavasya_and_Prathama_tithi.jpg
https://upload.wikimedia.org/wikipedia/commons/2/2f/Eriophyes_tilae_tilae_underside.JPG,https://upload.wikimedia.org/wikipedia/commons/5/5c/Fire_of_1795_%28Gammel_Strand%29.jpg,https://upload.wikimedia.org/wikipedia/commons/f/fc/Saniwa_ensidens.jpg,https://upload.wikimedia.org/wikipedia/commons/a/a7/Equilibrium_refinements.svg,https://upload.wikimedia.org/wikipedia/commons/2/20/Camden_County_New_Jersey_Incorporated_and_Unincorporated_areas_Pine_Valley_Highlighted.svg,https://upload.wikimedia.org/wikipedia/commons/b/b5/Early_medieval_silver_hooked_tag_%28FindID_468363%29.jpg,https://upload.wikimedia.org/wikipedia/commons/8/8d/Sensornode.svg,https://upload.wikimedia.org/wikipedia/commons/4/41/Leptobrachium_bompu.jpeg,https://upload.wikimedia.org/wikipedia/commons/8/8e/Tarbosaurus_%26_Saurolophus.jpg,https://upload.wikimedia.org/wikipedia/commons/5/56/IMessage_logo_%28Apple_Inc.%29.png
https://upload.wikimedia.org/wikipedia/commons/2/27/Balinovahouse.jpg,https://upload.wikimedia.org/wikipedia/commons/3/33/Dechow_Mustin_ehemalige_innerdeutsche_Grenze_2011-07-10_007.JPG,https://upload.wikimedia.org/wikipedia/commons/2/28/Jacopo_della_quercia%2C_fede.JPG,https://upload.wikimedia.org/wikipedia/commons/1/13/Villarroya_Vilalta.jpg,https://upload.wikimedia.org/wikipedia/commons/7/75/Cube_t012_af4.png,https://upload.wikimedia.org/wikipedia/commons/f/f0/Vallecalle-Village.jpg,https://upload.wikimedia.org/wikipedia/commons/a/a1/Lymnea_auricularia1pl.jpg,https://upload.wikimedia.org/wikipedia/commons/5/5c/Obserwatorium_na_Suchorze_02.JPG,https://upload.wikimedia.org/wikipedia/commons/c/c6/Raiatea_%E2%80%93_Avant_la_pacification._%E2%80%93_Officiers_indig%C3%A8nes%2C_%C3%A0_Avera_%282-cropped%29.jpg,https://upload.wikimedia.org/wikipedia/commons/5/5a/M_78_10_amiral_Leone_Viale_min_Marine.jpg
https://upload.wikimedia.org/wikipedia/commons/5/5e/Flag_of_the_Ladakh_Nationalist_Movement.svg,https://upload.wikimedia.org/wikipedia/commons/f/fb/Kepplerites_japonicus.jpg,https://upload.wikimedia.org/wikipedia/commons/9/93/GreenVioletear.jpg,https://upload.wikimedia.org/wikipedia/commons/7/73/Ancestor_worship004.jpg,https://upload.wikimedia.org/wikipedia/commons/e/e0/Southampton_Cenotaph%2C_4_January_2019_09.jpg,https://upload.wikimedia.org/wikipedia/commons/7/7b/Alpha_Max_Beta_Min_approximation.png,https://upload.wikimedia.org/wikipedia/commons/7/7a/FeodosiKrasovski%281878-1948%29.jpg,https://upload.wikimedia.org/wikipedia/commons/a/a5/Accet_Administrative_Building.jpg,https://upload.wikimedia.org/wikipedia/commons/0/04/Ford_Fusion_Hybrid_WAS_2017_1650.jpg,https://upload.wikimedia.org/wikipedia/commons/b/b2/Porth_Clais_harbour.JPG
https://upload.wikimedia.org/wikipedia/commons/c/c5/Homemade_minestrone.jpg,https://upload.wikimedia.org/wikipedia/commons/e/ea/Estemmenosuchus_uralensis_%282%29.jpg,https://upload.wikimedia.org/wikipedia/commons/7/75/0_Dr%C3%A9hance_-_Ch%C3%A2teau_de_Walzin_%281%29.jpg,https://upload.wikimedia.org/wikipedia/commons/0/03/Figure-8---Creme-Angelique%2C-Illustration.png,https://upload.wikimedia.org/wikipedia/commons/b/b2/Trewavasia_carinata.JPG,https://upload.wikimedia.org/wikipedia/commons/a/a0/Cryptochiton_stelleri.jpg,https://upload.wikimedia.org/wikipedia/commons/9/9f/Douglas_geologic_map.PNG,https://upload.wikimedia.org/wikipedia/commons/5/52/Abrazo_del_Estrecho_B%26N.jpg,https://upload.wikimedia.org/wikipedia/commons/3/3c/Bydg_ul_Gda%C5%84ska_-_koszary.jpg,https://upload.wikimedia.org/wikipedia/commons/4/49/Chicago_Sun_1947-06-26-2_Flying_Saucer_headline-th.jpg
https://upload.wikimedia.org/wikipedia/commons/e/e9/Logo_de_Converxencia_21.png,https://upload.wikimedia.org/wikipedia/commons/e/ed/MC-View_from_Town_Hall-5.jpg,https://upload.wikimedia.org/wikipedia/commons/5/55/SAS_2.gif,https://upload.wikimedia.org/wikipedia/commons/3/38/Richea_sprengelioides_distrobution.jpg,https://upload.wikimedia.org/wikipedia/commons/4/4e/Manchester_Dock_gate.jpg,https://upload.wikimedia.org/wikipedia/commons/b/b7/Diatrymaskeleton.JPG,https://upload.wikimedia.org/wikipedia/commons/0/0d/Spiedies_on_Grill.jpg,https://upload.wikimedia.org/wikipedia/commons/6/66/LSD_bridge_open.jpg,https://upload.wikimedia.org/wikipedia/commons/a/ab/USN_PO2_parka_tab%2C_AOR-2.png,https://upload.wikimedia.org/wikipedia/commons/d/d9/Helicina_rhodostoma_shell.png
https://upload.wikimedia.org/wikipedia/commons/7/72/The_Mount.jpg,https://upload.wikimedia.org/wikipedia/commons/4/48/Androscoggin-River-Paddle-ca2001.jpg,https://upload.wikimedia.org/wikipedia/commons/4/4b/NYPD_Bx_52nd_Police_Precinct_Station_House_and_Stable_IMG_2182_HLG.png,https://upload.wikimedia.org/wikipedia/commons/c/c5/Bridge_No_58%2C_Macclesfield_Canal.jpg,https://upload.wikimedia.org/wikipedia/commons/8/89/Eucalyptus-20070325-011.jpg,https://upload.wikimedia.org/wikipedia/commons/c/c0/Riccardo_Sogliano.jpg,https://upload.wikimedia.org/wikipedia/commons/3/39/Marktplatz_Bayreuth.JPG,https://upload.wikimedia.org/wikipedia/commons/f/fd/X%C3%B4i_ng%C5%A9_s%E1%BA%AFc.JPG,https://upload.wikimedia.org/wikipedia/commons/7/7f/Montenegro_ethnic_map_2003.png,https://upload.wikimedia.org/wikipedia/commons/5/58/CCHR.jpg
https://upload.wikimedia.org/wikipedia/commons/1/13/Alkylation.png,https://upload.wikimedia.org/wikipedia/commons/9/9c/97th_Bombardment_Group_B-17E_Flying_Fortress_41-2578.jpg,https://upload.wikimedia.org/wikipedia/commons/7/70/Tetrazolium_reduction.png,https://upload.wikimedia.org/wikipedia/commons/f/f6/Halszkaraptor_pelvic_region.png,https://upload.wikimedia.org/wikipedia/commons/d/d4/Chicanopoetry4.jpg,https://upload.wikimedia.org/wikipedia/commons/a/a2/Erevan_-_La_forteresse_d%27Er%C3%A9bouni_03.JPG,https://upload.wikimedia.org/wikipedia/commons/4/46/Fort_George%2C_2003_%283%29.JPG,https://upload.wikimedia.org/wikipedia/commons/2/2f/Phalaenopsis_celebensis_Orchi_206-1.jpg,https://upload.wikimedia.org/wikipedia/commons/6/60/Fremantle_War_Memorial_%28front%29.jpg,https://upload.wikimedia.org/wikipedia/commons/7/70/Alloxylon_pinnatum_rangemap.png
https://upload.wikimedia.org/wikipedia/commons/c/ca/American_Progress_mural_01.jpg,https://upload.wikimedia.org/wikipedia/commons/e/e6/Kammerflimmer_Kollektief_German_Band.jpeg,https://upload.wikimedia.org/wikipedia/commons/8/85/David_O._Dodd_Memorial.JPG,https://upload.wikimedia.org/wikipedia/commons/c/c8/N2_chart_definition.JPG,https://upload.wikimedia.org/wikipedia/commons/e/ed/MA-9_Faith_7_Space_Center_Houston%2C_Houston%2C_TX.JPG,https://upload.wikimedia.org/wikipedia/commons/f/fa/Cronstedtite_Pisani.jpg,https://upload.wikimedia.org/wikipedia/commons/0/0c/Jeff%27s_Gourmet%27s_Sallammin_Burger.jpg,https://upload.wikimedia.org/wikipedia/commons/e/e3/CHP_MPs_%27No%27_campaign_in_Diyarbak%C4%B1r.jpg,https://upload.wikimedia.org/wikipedia/commons/4/46/Clarendon_Street_Church.jpg,https://upload.wikimedia.org/wikipedia/commons/2/26/St_Swallow_DSC0359.jpg
https://upload.wikimedia.org/wikipedia/commons/b/bd/RAF_Metheringham_Memorial_Garden.jpg,https://upload.wikimedia.org/wikipedia/commons/1/15/Nehemiah_Hobart_poem_1712.jpg,https://upload.wikimedia.org/wikipedia/commons/8/85/Dampierre_production.PNG,https://upload.wikimedia.org/wikipedia/commons/0/0d/Pica_serica_-_Hong_Kong.jpg,https://upload.wikimedia.org/wikipedia/commons/3/3b/David_Rabinowitz.jpg,https://upload.wikimedia.org/wikipedia/commons/a/a8/Order_of_the_Knights_of_Rizal_NHCP_Historical_Marker.jpg,https://upload.wikimedia.org/wikipedia/commons/f/ff/Stone_Arch_Bridge_Wapsipincon_State_Park.jpg,https://upload.wikimedia.org/wikipedia/commons/f/fa/Kumasi.png,https://upload.wikimedia.org/wikipedia/commons/1/15/Roberto_C%C3%B3rdova%2C_Sebasti%C3%A1n_Pi%C3%B1era_y_Julio_Ibarra_junto_a_cheerleaders_del_CPS.jpg,https://upload.wikimedia.org/wikipedia/commons/8/8d/Prinsenkasteel_%283%29.jpg
https://upload.wikimedia.org/wikipedia/commons/b/b4/Jianianhualong5.jpg,https://upload.wikimedia.org/wikipedia/commons/a/a4/Avon_Water_at_Millheugh_Bridge_-_geograph.org.uk_-_165433.jpg,https://upload.wikimedia.org/wikipedia/commons/8/85/PedostibesTuberculosus5.jpg,https://upload.wikimedia.org/wikipedia/commons/5/5c/Hamnskar_monument.jpg,https://upload.wikimedia.org/wikipedia/commons/e/e2/Audur_Jonsdottir%2C_nominerad_till_Nordiska_radets_litteraturpris_2006.jpg,https://upload.wikimedia.org/wikipedia/commons/4/4e/Flooring_in_a_material_handling_area_at_Pharmaceutical_company_Lilly%2C_France.jpg,https://upload.wikimedia.org/wikipedia/commons/c/c0/Virtues_Speculum_Virginum_W72_26r.jpg,https://upload.wikimedia.org/wikipedia/commons/b/b6/Shankarabharanam_scale.svg,https://upload.wikimedia.org/wikipedia/commons/7/78/Tabasco_Opera_2018_c.jpg,https://upload.wikimedia.org/wikipedia/commons/d/da/Chancia_-_Mairie_%28juil_2018%29.jpg
https://upload.wikimedia.org/wikipedia/commons/4/43/EdithArchibaldHalifaxNovaScotia.png,https://upload.wikimedia.org/wikipedia/commons/3/33/Exit_A%2C_Beijing_South_Railway_Station%2C_Beijing_Subway.jpg,https://upload.wikimedia.org/wikipedia/commons/f/fb/Ecuadorian_dress%2C_Carnival_del_Pueblo_2010%2C_London.jpg,https://upload.wikimedia.org/wikipedia/commons/6/6f/Winner_by_municipality_in_the_Portuguese_Socialist_Party_Secretary-General_primary%2C_2014.png,https://upload.wikimedia.org/wikipedia/commons/c/cb/Long-tailed_Ground_Dove_%28Uropelia_campestris%29_%2829072741940%29.jpg,https://upload.wikimedia.org/wikipedia/commons/d/dd/PortadaFeria08.JPG,https://upload.wikimedia.org/wikipedia/commons/6/67/Ontario_Northland_train_crosses_the_Missinaibi_River_at_Mattice-Val_C%C3%B4t%C3%A9%2C_Ontario.jpg,https://upload.wikimedia.org/wikipedia/commons/2/2e/ACSIE010_-_The_Obelisk_now_in_Central_Park%2C_New_York%2C_as_it_Stood_in_Alexandria%2C_Egypt.jpg,https://upload.wikimedia.org/wikipedia/commons/7/7a/Klaus_H%C3%A4r%C3%B6.jpg,https://upload.wikimedia.org/wikipedia/commons/7/7b/CitadelStadium.jpg
https://upload.wikimedia.org/wikipedia/commons/2/22/StateLibQld_1_142447_Cormoran_%28ship%29.jpg,https://upload.wikimedia.org/wikipedia/commons/d/dd/Neoregelia_carcharodon_-_Marie_Selby_Botanical_Gardens_-_Sarasota%2C_Florida_-_DSC01728.jpg,https://upload.wikimedia.org/wikipedia/commons/d/d4/Four_Spiral_Semigroup_02.png,https://upload.wikimedia.org/wikipedia/commons/d/d7/BIS_2019.jpg,https://upload.wikimedia.org/wikipedia/commons/a/a6/Prorhynchus_fontinalis_pharynx.jpg,https://upload.wikimedia.org/wikipedia/commons/2/27/Chicago_at_Minnesota.jpg,https://upload.wikimedia.org/wikipedia/commons/3/3f/Sv%C3%A1%C5%99e%C4%8Dka_v_DI.jpg,https://upload.wikimedia.org/wikipedia/commons/6/67/Sunspots_1302_Sep_2011_by_NASA.jpg,https://upload.wikimedia.org/wikipedia/commons/f/f4/Mercator_telescope.jpg,https://upload.wikimedia.org/wikipedia/commons/1/11/View_from_Tayelet_during_Snow_07.jpg
https://upload.wikimedia.org/wikipedia/commons/7/7d/St_Davids%27_church%2C_Trostrey_-_geograph.org.uk_-_1282666.jpg,https://upload.wikimedia.org/wikipedia/commons/5/51/Cuyahoga_County_Ohio_incorporated_and_unincorporated_areas_Bedford_highlighted.svg,https://upload.wikimedia.org/wikipedia/commons/d/df/CBN_TV.PNG,https://upload.wikimedia.org/wikipedia/commons/e/e8/Calliostoma_chlorum_%28MNHN-IM-2000-4555%29.jpeg,https://upload.wikimedia.org/wikipedia/commons/8/83/Pumpehuset_K%C3%B8benhavn.JPG,https://upload.wikimedia.org/wikipedia/commons/e/e2/Quekettia_papillosa_7.jpg,https://upload.wikimedia.org/wikipedia/commons/4/4e/Enneagon_stellations.svg,https://upload.wikimedia.org/wikipedia/commons/2/29/FIU_PHSW.png,https://upload.wikimedia.org/wikipedia/commons/7/7a/San_Sebastian_Festival_Entrada.JPG,https://upload.wikimedia.org/wikipedia/commons/2/2f/Eupatorium_perfoliatum_with_bee_and_caterpillar_%28cropped%29.jpg
https://upload.wikimedia.org/wikipedia/commons/0/05/Danatinia_casca.JPG,https://upload.wikimedia.org/wikipedia/commons/8/8e/Makarenko_chess_1.svg,https://upload.wikimedia.org/wikipedia/commons/5/53/DirectorAdoor.jpg,https://upload.wikimedia.org/wikipedia/commons/9/9a/Ripples_of_influence.jpg,https://upload.wikimedia.org/wikipedia/commons/4/41/Unveiling_the_Masonville_designation_sign_%289953288823%29.jpg,https://upload.wikimedia.org/wikipedia/commons/3/3a/Parsipop_%28Rumbeke%29%2C_camping_-_2.png,https://upload.wikimedia.org/wikipedia/commons/5/5c/Kameda%27s_algorithm_run.svg,https://upload.wikimedia.org/wikipedia/commons/8/8f/Valdanos%2C_Crna_Gora%2C_2011-08-13_-_panoramio.jpg,https://upload.wikimedia.org/wikipedia/commons/c/c6/Jo%27ara_%281937%29.jpg,https://upload.wikimedia.org/wikipedia/commons/f/fa/BMW_F40_Leonberg_2019_IMG_0019.jpg
https://upload.wikimedia.org/wikipedia/commons/c/c5/Wikipedia_-_Calisus.jpg,https://upload.wikimedia.org/wikipedia/commons/b/b1/Ankylosaur.jpg,https://upload.wikimedia.org/wikipedia/commons/7/7c/2015_JWC_Men%27s_Podium_%282%29.jpg,https://upload.wikimedia.org/wikipedia/commons/d/d5/Beggar%27s_Box_%2C1968.jpg,https://upload.wikimedia.org/wikipedia/commons/a/ab/Java_Transportation_Network_id.svg,https://upload.wikimedia.org/wikipedia/commons/6/63/Messier_object_023.jpg,https://upload.wikimedia.org/wikipedia/commons/1/1e/Mid_Devon_-_Hillersdon_House_%26_Scenery_%28geograph_3911873%29.jpg,https://upload.wikimedia.org/wikipedia/commons/d/d9/Leaf_morphology_parallel.png,https://upload.wikimedia.org/wikipedia/commons/e/e7/Hochfirstpanorama1.jpg,https://upload.wikimedia.org/wikipedia/commons/f/f8/Iodonium_tethering_on_prop-1-enyl_ethers.png
https://upload.wikimedia.org/wikipedia/commons/d/d5/PikiWiki_Israel_4427_barons_farm_in_mazkeret_batya.jpg,https://upload.wikimedia.org/wikipedia/commons/6/67/Plasmalogen-synthesis-pathway.png,https://upload.wikimedia.org/wikipedia/commons/c/c8/Non_steady_state_probe_tp08_hukseflux.gif,https://upload.wikimedia.org/wikipedia/commons/1/14/Polymerformation.png,https://upload.wikimedia.org/wikipedia/commons/8/89/Olmec_Butterfly_tapete_by_Isaac_V%C3%A1squez_Garc%C3%ADa.jpg,https://upload.wikimedia.org/wikipedia/commons/4/43/COEconventionTerritorialCommunities.svg,https://upload.wikimedia.org/wikipedia/commons/9/9b/Cross_section_Mansfield.png,https://upload.wikimedia.org/wikipedia/commons/c/ce/Ussr-robertburns1956.jpg,https://upload.wikimedia.org/wikipedia/commons/a/ac/Jedd_Fisch_2012.jpg,https://upload.wikimedia.org/wikipedia/commons/8/8d/Kamienica_na_ul._D%C5%82ugiej2-_fragment_fasady.JPG
https://upload.wikimedia.org/wikipedia/commons/e/e6/Evstafiev-chechnya-women-pray.jpg,https://upload.wikimedia.org/wikipedia/commons/9/91/Van-Veldeke-Denkmal.jpg,https://upload.wikimedia.org/wikipedia/commons/b/ba/Dorian_Goldfeld.jpg,https://upload.wikimedia.org/wikipedia/commons/d/df/Musrestaurangen_i_Malm%C3%B6.jpg,https://upload.wikimedia.org/wikipedia/commons/e/e1/Onkel_Dannys_Plads_01.jpg,https://upload.wikimedia.org/wikipedia/commons/4/45/2019-01-25_20_08_29_An_unopened_cup_of_Jell-O_chocolate_pudding_in_the_Franklin_Farm_section_of_Oak_Hill%2C_Fairfax_County%2C_Virginia.jpg,https://upload.wikimedia.org/wikipedia/commons/f/f8/Dinabandhu_Mitra_%281830-1873%29.jpg,https://upload.wikimedia.org/wikipedia/commons/0/01/Steve_Saint.jpg,https://upload.wikimedia.org/wikipedia/commons/6/6c/Medicine_aryballos_Louvre_CA1989-2183_n2.jpg,https://upload.wikimedia.org/wikipedia/commons/f/f2/Tarsophlebia_eximia_MCZ6129_head.png
https://upload.wikimedia.org/wikipedia/commons/3/35/%D0%A1%D1%82%D0%B0%D1%86%D0%B8%D0%BE%D0%BD%D0%B0%D1%80%D0%BD%D1%8B%D0%B9-%D0%B0%D1%81%D0%BF%D0%B8%D1%80%D0%B0%D1%82%D0%BE%D1%80-%D0%9F%D0%A3-4%D0%AD%2B.jpg,https://upload.wikimedia.org/wikipedia/commons/f/f6/Oudenodon_latirostris.jpg,https://upload.wikimedia.org/wikipedia/commons/4/40/Preston_Rivulettes_1940_postcard.jpg,https://upload.wikimedia.org/wikipedia/commons/2/28/Baseball_seventh_inning_stretch_2004.jpg,https://upload.wikimedia.org/wikipedia/commons/d/d8/Naturally_Oil_Stained_Kern_River_Field_Outcrop.jpg,https://upload.wikimedia.org/wikipedia/commons/e/ec/Calliostoma_benedicti_001.jpg,https://upload.wikimedia.org/wikipedia/commons/a/ac/Spotted_small_flat_laying_eggs_on_Lepidagathis_keralensis_at_Madayipara.jpg,https://upload.wikimedia.org/wikipedia/commons/7/78/Logo_of_the_Astronomical_Society_of_the_Pacific.jpg,https://upload.wikimedia.org/wikipedia/commons/5/54/Lillaf%C3%BCredNarrowGaugeRailway1928.jpg,https://upload.wikimedia.org/wikipedia/commons/4/4e/Kathiawar_map.jpg
https://upload.wikimedia.org/wikipedia/commons/a/ab/2008_Democratic_primaries_polling.png,https://upload.wikimedia.org/wikipedia/commons/5/5f/Xrtlayout.gif,https://upload.wikimedia.org/wikipedia/commons/0/0e/Hawaii-Emperor_engl.png,https://upload.wikimedia.org/wikipedia/commons/1/1d/JaitpurKart.jpg,https://upload.wikimedia.org/wikipedia/commons/b/b1/Ernest_Benn_Bekenntnisse_1926_cover.jpg,https://upload.wikimedia.org/wikipedia/commons/0/0c/Sanicle_at_Spier%27s.JPG,https://upload.wikimedia.org/wikipedia/commons/4/46/OldRoad_Qc5.png,https://upload.wikimedia.org/wikipedia/commons/5/51/Poland_Narew_G%C3%B3ra_Str%C4%99kowa.jpg,https://upload.wikimedia.org/wikipedia/commons/4/4e/MarkusHowell.jpg,https://upload.wikimedia.org/wikipedia/commons/e/eb/The_Hiker_%28Kitson%29_in_Morristown_New_Jersey_jeh.jpg
https://upload.wikimedia.org/wikipedia/commons/1/17/Codex_Manesse_Konrad_von_W%C3%BCrzburg.jpg,https://upload.wikimedia.org/wikipedia/commons/7/77/Stenocoris_sp._%28Rice_Bug%29_%286023721068%29.jpg,https://upload.wikimedia.org/wikipedia/commons/9/98/Paulsen_Medical_Building.jpg,https://upload.wikimedia.org/wikipedia/commons/7/73/Song_of_intent.jpg,https://upload.wikimedia.org/wikipedia/commons/3/31/Vamdrup_toldsal.jpg,https://upload.wikimedia.org/wikipedia/commons/c/cd/M-House_house_divisions.jpg,https://upload.wikimedia.org/wikipedia/commons/0/0f/Horse-Drawn_China_Clay_Wagon_at_the_St_Austell_terminus_of_the_Pentewan_Railway.jpg,https://upload.wikimedia.org/wikipedia/commons/d/dc/Godefroy_de_Bouillon.jpg,https://upload.wikimedia.org/wikipedia/commons/9/9f/Soft_edge_road.jpg,https://upload.wikimedia.org/wikipedia/commons/b/be/Katja_Eichinger_-_Berlinale_66_%28437%29_%2824680938210%29.jpg
https://upload.wikimedia.org/wikipedia/commons/f/f4/AS_Vietnam_3.jpg,https://upload.wikimedia.org/wikipedia/commons/1/16/Acianthera_heringeri.jpg,https://upload.wikimedia.org/wikipedia/commons/3/3b/Turkmen_drummer.jpeg,https://upload.wikimedia.org/wikipedia/commons/9/9e/Knotted_cord.jpg,https://upload.wikimedia.org/wikipedia/commons/e/e7/Dale_Earnhardt_-_NASCAR_Photography_By_Darryl_Moran.jpg,https://upload.wikimedia.org/wikipedia/commons/8/8a/SemnopithecusHoseiSmit.jpg,https://upload.wikimedia.org/wikipedia/commons/2/26/Mplwp_legendreP26a2.svg,https://upload.wikimedia.org/wikipedia/commons/d/d8/Pfaffia_glomerata-costapppr.jpg,https://upload.wikimedia.org/wikipedia/commons/3/38/Canis_latrans_latrans_Pennington_County_SD.jpg,https://upload.wikimedia.org/wikipedia/commons/6/69/Census_Bureau_map_of_West_New_York%2C_New_Jersey.png
https://upload.wikimedia.org/wikipedia/commons/d/d9/Herbert-Morawetz-2004.jpg,https://upload.wikimedia.org/wikipedia/commons/2/25/12_Taher_Ville_%283%29.jpg,https://upload.wikimedia.org/wikipedia/commons/9/9d/New_Jersey_Junction_RR_1886_reverse.JPG,https://upload.wikimedia.org/wikipedia/commons/6/63/BUNDES-1_JeanneAshworth.jpg,https://upload.wikimedia.org/wikipedia/commons/1/1f/Echter_Leipziger_Allasch_Vorderseite.JPG,https://upload.wikimedia.org/wikipedia/commons/0/0b/Ptrajan.jpg,https://upload.wikimedia.org/wikipedia/commons/7/78/RR5011-0005R_PL_50-%D0%BB%D0%B5%D1%82%D0%B8%D0%B5_%D0%9F%D0%BE%D0%B1%D0%B5%D0%B4%D1%8B_%D0%BD%D0%B0_%D0%92%D0%BE%D0%BB%D0%B3%D0%B5.gif,,https://upload.wikimedia.org/wikipedia/commons/4/41/Stromberg-Voisinet_Aero-uke_%28c.1930%29%2C_National_Music_Museum%2C_Vermillion.jpg,https://upload.wikimedia.org/wikipedia/commons/7/73/Trey_Hollingsworth_official_photo.jpg
https://upload.wikimedia.org/wikipedia/commons/3/38/Boys_King_Arthur_-_N._C._Wyeth_-_p278.jpg,https://upload.wikimedia.org/wikipedia/commons/0/0a/Main_Road_Sungai_Pinang_2_-_panoramio.jpg,https://upload.wikimedia.org/wikipedia/commons/a/a9/2008_Democratic_Primary_Delegate_Chart.png,https://upload.wikimedia.org/wikipedia/commons/0/0f/Trimeresurus_macrops%2C_Large-eyed_pit_viper.jpg,https://upload.wikimedia.org/wikipedia/commons/8/89/William_O%27Dwyer_%28cropped%29.jpg,https://upload.wikimedia.org/wikipedia/commons/e/e8/Old_lga_Richmond.png,https://upload.wikimedia.org/wikipedia/commons/c/c4/Eremophila_fraseri_fraseri_%28habit%29.jpg,https://upload.wikimedia.org/wikipedia/commons/c/cd/Cologne_Germany_Flora-K%C3%B6ln-00.jpg,https://upload.wikimedia.org/wikipedia/commons/e/ef/Sandal_%26_Walton_railway_station_%28site%29%2C_Yorkshire_%28geograph_3483382%29.jpg,https://upload.wikimedia.org/wikipedia/commons/2/2f/Swedish_scrabble_tiles.jpg
https://upload.wikimedia.org/wikipedia/commons/2/2f/Fibroblastid_%28BPAE%29.jpg,https://upload.wikimedia.org/wikipedia/commons/f/fb/Fertagus.jpg,https://upload.wikimedia.org/wikipedia/commons/8/82/Constantine_arch_datation_en.svg,https://upload.wikimedia.org/wikipedia/commons/0/04/Gradient_1-form.svg,https://upload.wikimedia.org/wikipedia/commons/d/df/Central_Mine_Methodist_Church_Central_MI_2009.jpg,https://upload.wikimedia.org/wikipedia/commons/d/dd/Hyderabad_state_1909.jpg,https://upload.wikimedia.org/wikipedia/commons/c/cd/W._Otway_Cannell_1.jpg,https://upload.wikimedia.org/wikipedia/commons/e/ea/Three_Common_Methods_of_Synthesis_of_Graft_Polymers.png,https://upload.wikimedia.org/wikipedia/commons/4/4f/2019-02-15_03_33_27_A_bowl_of_Wheaties_in_the_Franklin_Farm_section_of_Oak_Hill%2C_Fairfax_County%2C_Virginia.jpg,https://upload.wikimedia.org/wikipedia/commons/9/96/Galneryus_logo.svg
https://upload.wikimedia.org/wikipedia/commons/4/47/Alaska_mountain_range.jpg,https://upload.wikimedia.org/wikipedia/commons/f/f7/Treatment_of_knee_with_Oudin_coil.jpg,https://upload.wikimedia.org/wikipedia/commons/d/dc/Karl-Schwarzschild-Observatorium.jpg,https://upload.wikimedia.org/wikipedia/commons/1/1b/Anomalocaris_canadensis_grasping_claw%2C_Burgess_Shale.jpg,https://upload.wikimedia.org/wikipedia/commons/a/ab/1910_CityCouncil_office_Boston.png,https://upload.wikimedia.org/wikipedia/commons/9/98/Huntsmen_retrieve_racehorse_-_geograph.org.uk_-_733727.jpg,https://upload.wikimedia.org/wikipedia/commons/1/11/Stadion_Moroni.JPG,https://upload.wikimedia.org/wikipedia/commons/8/88/DMAICWebdingsI.png,https://upload.wikimedia.org/wikipedia/commons/3/3a/Chapel_of_the_Immaculate_Conception_%28University_of_Dayton%29.JPG,https://upload.wikimedia.org/wikipedia/commons/c/cc/2015_0804_Zwetschkenkuchen_Gaislachalm_S%C3%B6lden.jpg
https://upload.wikimedia.org/wikipedia/commons/1/1e/Phyllidiopsis_papilligera_%28Black-spotted_Nudibranch_-_North_Haiti%29.jpg,https://upload.wikimedia.org/wikipedia/commons/0/09/Scolopendra_fg02.JPG,https://upload.wikimedia.org/wikipedia/commons/1/1b/MuhuruBay.jpg,https://upload.wikimedia.org/wikipedia/commons/7/78/CSFB_logo.png,https://upload.wikimedia.org/wikipedia/commons/f/fe/Soyuz_TMA-01M_seen_as_it_lands.jpg,https://upload.wikimedia.org/wikipedia/commons/4/41/Nao_Lake_at_the_Mistik_Creek_outlet.jpg,https://upload.wikimedia.org/wikipedia/commons/a/a6/2019_01_Khao_soi_noi_songkhrueang.jpg,https://upload.wikimedia.org/wikipedia/commons/0/09/Optimus_Sound_Level_Meter.jpg,https://upload.wikimedia.org/wikipedia/commons/a/a7/Nobiling_-_SC_Germania_%28SP%29.jpg,https://upload.wikimedia.org/wikipedia/commons/7/74/Jean_Tremblay01_cropped.jpg
