,id,title,url,categories,labels_pred
0,6407650,"St Alban's Church, Tattenhall sundial.jpg",https://upload.wikimedia.org/wikipedia/commons/8/81/St_Alban%27s_Church%2C_Tattenhall_sundial.jpg,"['18th-century architecture in Cheshire'
 'Horizontal sundials in the United Kingdom'
 'Grade II listed buildings in Cheshire' ""St Alban's Church, Tattenhall""
 'Sundials in Cheshire']","{'Places', 'Space', 'History', 'Culture', 'STEM'}"
1,56729102,PgpB Reaction.png,https://upload.wikimedia.org/wikipedia/commons/1/1f/PgpB_Reaction.png,['Enzyme reactions'],"{'Technology & Engineering', 'Diagrams', 'STEM', 'Chemistry'}"
2,44722339,Cedar Point Pink's Hot Dogs (14669390970).jpg,https://upload.wikimedia.org/wikipedia/commons/3/37/Cedar_Point_Pink%27s_Hot_Dogs_%2814669390970%29.jpg,"['Food at Cedar Point' 'July 2014 in Ohio' 'Cedar Point in 2014'
 'Entrance signs in Ohio' ""Pink's Hot Dogs""
 'Files from Sam Howzit Flickr stream']","{'Society', 'Culture', 'Food'}"
3,6661407,Viale Spartaco Lavagnini (Firenze) 33.JPG,https://upload.wikimedia.org/wikipedia/commons/1/11/Viale_Spartaco_Lavagnini_%28Firenze%29_33.JPG,['Viale Spartaco Lavagnini (Firenze)'],"{'Politics', 'Society'}"
4,75033176,"Pablo de Rokha, circa 1944.jpg",https://upload.wikimedia.org/wikipedia/commons/5/59/Pablo_de_Rokha%2C_circa_1944.jpg,['Pablo de Rokha' 'Files from Memoria Chilena'],"{'Politics', 'People', 'Culture', 'Society'}"
5,867098,Caramelisation of carrots.jpg,https://upload.wikimedia.org/wikipedia/commons/7/79/Caramelisation_of_carrots.jpg,['Pan cooking' 'Caramelization'],"{'Technology & Engineering', 'STEM', 'Chemistry'}"
6,8720937,Naschmarkt Wien 2009 PD 20091008 065.JPG,https://upload.wikimedia.org/wikipedia/commons/1/13/Naschmarkt_Wien_2009_PD_20091008_065.JPG,"['Food displayed for sale at Naschmarkt, Vienna' ""Ma'amoul""
 'Pistachio nuts as food' 'Price tags in euros']","{'Society', 'Culture', 'Food'}"
7,56979352,Sugathakumari Teacher.jpg,https://upload.wikimedia.org/wikipedia/commons/e/e1/Sugathakumari_Teacher.jpg,['Sugathakumari' 'Vayalar Award'],"{'Society', 'Culture', 'Literature', 'People'}"
8,7510358,Terapevt Mudrov train.JPG,https://upload.wikimedia.org/wikipedia/commons/e/e3/Terapevt_Mudrov_train.JPG,"['Railway coaches of Russia' 'Healthcare in Russia'
 'Ambulance trains of Russia']","{'Medicine & Health', 'STEM', 'Society'}"
9,634636,Closeup of Organ Rock Shale.jpeg,https://upload.wikimedia.org/wikipedia/commons/f/f7/Closeup_of_Organ_Rock_Shale.jpeg,"['Geology of Canyonlands National Park' 'Organ Rock Shale'
 'Cutler Formation' 'Geology of Utah']","{'STEM', 'Geology', 'Nature'}"
10,35017098,Dual cube t02 f4b.png,https://upload.wikimedia.org/wikipedia/commons/c/ce/Dual_cube_t02_f4b.png,"['Set of colored Coxeter plane graphs (red, orange, yellow, green... vertices)']","{'Mathematics', 'Culture', 'STEM'}"
11,15051498,Meteor Bolide.JPG,https://upload.wikimedia.org/wikipedia/commons/1/17/Meteor_Bolide.JPG,"['Bolide' 'Meteors' 'Meteor trails' 'Astronomical photography'
 'Atmospheric entry' 'Flinders Ranges' 'Impact events'
 'April 2011 in South Australia']","{'Places', 'Space', 'STEM', 'Events', 'Nature', 'Society'}"
12,29584154,Unic années 40 - 4.JPG,https://upload.wikimedia.org/wikipedia/commons/8/8b/Unic_ann%C3%A9es_40_-_4.JPG,"['Cérémonie du 70e anniversaire du défilé du 11 novembre 1943 à Oyonnax'
 'November 2013 in Ain' 'UNIC trucks' 'Wood-gas-powered trucks'
 'Quality images of Oyonnax' 'Vehicles in Oyonnax'
 'Quality images of road vehicles in France' 'Trucks in Ain'
 'Historical trucks in France']","{'Society', 'Events', 'Transportation'}"
13,821342,Euler's formula.svg,https://upload.wikimedia.org/wikipedia/commons/7/71/Euler%27s_formula.svg,"['SVG trigonometric functions on the unit circle' ""Euler's formula""]","{'Society', 'Mathematics', 'STEM', 'People'}"
14,40854286,While Satan Sleeps (1922) - 2.jpg,https://upload.wikimedia.org/wikipedia/commons/1/10/While_Satan_Sleeps_%281922%29_-_2.jpg,"['While Satan Sleeps' 'Jack Holt in 1922'
 'Advertising of silent films in print media' 'Duluth Herald, 1922']","{'STEM', 'Culture', 'Literature', 'Technology & Engineering', 'Society'}"
15,16224687,Canada's Wonderland Scandinavian Building from mountain base.jpg,https://upload.wikimedia.org/wikipedia/commons/e/e6/Canada%27s_Wonderland_Scandinavian_Building_from_mountain_base.jpg,"[""International Street at Canada's Wonderland""
 ""Food at Canada's Wonderland""]","{'Food', 'Culture', 'Society'}"
16,9094098,Hartford-Deerfield Basin geological map.jpg,https://upload.wikimedia.org/wikipedia/commons/0/09/Hartford-Deerfield_Basin_geological_map.jpg,"['Geological maps of Massachusetts' 'Geological maps of Connecticut'
 'Metacomet Ridge' 'Newark Supergroup' 'Talcott Formation'
 'Hampden Formation' 'Holyoke Formation' 'Hartford Basin'
 'Deerfield Basin']","{'Places', 'Culture', 'Geology', 'History', 'STEM', 'Maps & Flags'}"
17,8166364,Allosaurus fragilis USNM4734.jpg,https://upload.wikimedia.org/wikipedia/commons/8/84/Allosaurus_fragilis_USNM4734.jpg,"['Allosaurus skeletal mounts'
 'Fossils in the National Museum of Natural History, USA']","{'STEM', 'Fossils', 'Nature'}"
18,38236948,Seetha Coleman-Kammula 0216 CHF2014 crop.JPG,https://upload.wikimedia.org/wikipedia/commons/c/c3/Seetha_Coleman-Kammula_0216_CHF2014_crop.JPG,"['Female chemists from the United States' 'Female scientists from India'
 'Female gray hair' 'Women with earrings'
 'Alumni of the Osmania University' 'Women with necklaces']","{'Culture', 'Chemistry', 'Society', 'History', 'STEM', 'Nature', 'People'}"
19,47421043,Joseph Pulitzer 3c 1947 issue U.S. stamp.jpg,https://upload.wikimedia.org/wikipedia/commons/6/6f/Joseph_Pulitzer_3c_1947_issue_U.S._stamp.jpg,"['100th birth anniversaries on stamps'
 'Commemorative stamps of the United States'
 '1947 stamps of the United States'
 'People of the United States on stamps' 'Joseph Pulitzer'
 'Journalists in art' 'Quote on stamps' 'Statue of Liberty on stamps'
 'Writers on stamps']","{'Society', 'History', 'Culture', 'Literature', 'People'}"
20,52295877,"Eccaparadoxides mediterraneus - Murero, Zaragoza - Museo Ciencias Naturales Universidad Zaragoza.jpg",https://upload.wikimedia.org/wikipedia/commons/0/03/Eccaparadoxides_mediterraneus_-_Murero%2C_Zaragoza_-_Museo_Ciencias_Naturales_Universidad_Zaragoza.jpg,"['Eccaparadoxides' 'Murero fossil site' 'Cambrian fossils from Spain'
 'Museo de Ciencias Naturales de la Universidad de Zaragoza'
 'Internal mold fossils' 'External mold fossils']","{'Culture', 'Geology', 'History', 'STEM', 'Fossils', 'Nature'}"
21,3894688,SanFranciscoBayFromPulgasRidge.jpg,https://upload.wikimedia.org/wikipedia/commons/9/97/SanFranciscoBayFromPulgasRidge.jpg,"['Midpeninsula Regional Open Space District' 'California Coast Ranges'
 'Geography of San Mateo County, California' 'San Francisco Bay']","{'Places', 'STEM', 'Geology', 'Society'}"
22,73921784,Tom birmingham (1).jpg,https://upload.wikimedia.org/wikipedia/commons/6/68/Tom_birmingham_%281%29.jpg,['Massachusetts State Senators' 'Male politicians of the United States'],"{'Politics', 'Society'}"
23,41282311,Lev Chugaev 1910s.jpg,https://upload.wikimedia.org/wikipedia/commons/d/dd/Lev_Chugaev_1910s.jpg,['Lev Chugaev'],"{'Society', 'STEM', 'Chemistry', 'Events', 'Nature', 'People'}"
24,88889824,Four Symbols.svg,https://upload.wikimedia.org/wikipedia/commons/0/0a/Four_Symbols.svg,"['Astrology of China' 'Four Directional Animals of China'
 'Twenty-Eight Mansions']","{'Space', 'Culture', 'Belief', 'Society', 'History', 'STEM', 'Nature'}"
25,46565626,BK Chicken Fries favors.jpg,https://upload.wikimedia.org/wikipedia/commons/9/9a/BK_Chicken_Fries_favors.jpg,"['Chicken Fries' 'January 2018 in Massachusetts'
 'Burger King restaurants in Massachusetts'
 'Food in Framingham, Massachusetts']","{'Culture', 'Food'}"
26,23358375,Runs scored for Delhi Daredevils in 2012.png,https://upload.wikimedia.org/wikipedia/commons/f/f0/Runs_scored_for_Delhi_Daredevils_in_2012.png,['Delhi Capitals'],"{'Society', 'Sports'}"
27,78217502,2019-04-13 Mia Florentine Weiss by Olaf Kosinsky-0672.jpg,https://upload.wikimedia.org/wikipedia/commons/2/21/2019-04-13_Mia_Florentine_Weiss_by_Olaf_Kosinsky-0672.jpg,"['Berlin photographs taken on 2019-04-13' 'A Soul for Europe'
 'Mia Florentine Weiss']","{'Politics', 'People', 'Society'}"
28,59962558,Typhoon - RIAT 2006 (altered).jpg,https://upload.wikimedia.org/wikipedia/commons/6/63/Typhoon_-_RIAT_2006_%28altered%29.jpg,"['C.16-22 (aircraft)' '2006 Royal International Air Tattoo'
 'Eurofighter Typhoon at RAF Fairford']","{'History', 'Culture', 'Music', 'Events', 'Society'}"
29,2291875,Strauss dismissal.jpg,https://upload.wikimedia.org/wikipedia/commons/d/dd/Strauss_dismissal.jpg,"['Andrew Strauss' 'Adam Gilchrist' 'The Ashes, 2005']","{'Society', 'Sports', 'People'}"
30,20271617,Motorboat Cossack.jpg,https://upload.wikimedia.org/wikipedia/commons/e/ef/Motorboat_Cossack.jpg,"['Ships built in 1916' 'Patrol vessels'
 'Patrol vessels of the United States' 'Ships built in Massachusetts'
 'World War I ships of the United States']","{'Transportation', 'Society'}"
31,56911327,Charles Cotesworth Pinckney by John Trumbull.jpg,https://upload.wikimedia.org/wikipedia/commons/8/86/Charles_Cotesworth_Pinckney_by_John_Trumbull.jpg,"['Charles Cotesworth Pinckney'
 'Paintings by John Trumbull in the Yale University Art Gallery'
 'Portrait paintings by John Trumbull'
 '18th-century portrait paintings in the Yale University Art Gallery'
 '1791 paintings in the United States' '1791 portrait paintings of men'
 '18th-century oil oval portraits of men at bust length'
 '18th-century oil portraits of men at bust length in military uniforms']","{'Politics', 'People', 'Society'}"
32,52231255,Blue Korhaan (Eupodotis caerulescens) male.jpg,https://upload.wikimedia.org/wikipedia/commons/4/4e/Blue_Korhaan_%28Eupodotis_caerulescens%29_male.jpg,"['Eupodotis caerulescens' 'Birds of Mountain Zebra National Park'
 'Otidiformes of South Africa'
 'South Africa photographs taken on 2016-10-01']","{'Nature', 'STEM', 'Geology'}"
33,10869141,Prop-tableau-4.svg,https://upload.wikimedia.org/wikipedia/commons/2/21/Prop-tableau-4.svg,['Semantic tables'],"{'Mathematics', 'Diagrams', 'STEM', 'Culture'}"
34,68122336,Phthalocyanine synthesis.png,https://upload.wikimedia.org/wikipedia/commons/6/67/Phthalocyanine_synthesis.png,['Phthalocyanines' 'Chemical reactions'],"{'STEM', 'Chemistry'}"
35,81210192,Burger Baron (2776673485).jpg,https://upload.wikimedia.org/wikipedia/commons/f/fa/Burger_Baron_%282776673485%29.jpg,['Burger Baron' 'August 2008 in Edmonton' 'Fast food in Edmonton'],"{'Culture', 'Food'}"
36,43583684,Budan Boislaurent.png,https://upload.wikimedia.org/wikipedia/commons/e/e5/Budan_Boislaurent.png,"['Mathematicians from France' 'Pages of books about mathematics'
 '1807 book covers' '1761 births' '1840 deaths']","{'Mathematics', 'STEM'}"
37,8668823,Château de Pompadour - 1.jpg,https://upload.wikimedia.org/wikipedia/commons/5/51/Ch%C3%A2teau_de_Pompadour_-_1.jpg,"['Château de Pompadour' ""Hippodrome d'Arnac-Pompadour""]","{'Society', 'Sports'}"
38,3001078,Al Assad family.jpg,https://upload.wikimedia.org/wikipedia/commons/1/1f/Al_Assad_family.jpg,"['Hafez al-Assad' 'Assad family' 'Bashar al-Assad' 'Anisa Makhlouf'
 'Bassel al-Assad' 'Bushra al-Assad' 'Maher al-Assad' 'Majd al-Assad']","{'Society', 'Culture', 'Politics', 'People'}"
39,56977078,Morinus house divisions.jpg,https://upload.wikimedia.org/wikipedia/commons/3/36/Morinus_house_divisions.jpg,['Astrological diagrams' 'House (astrology)' 'Jean-Baptiste Morin'],"{'History', 'STEM', 'Culture', 'Belief', 'Diagrams', 'Society'}"
40,41268827,Platecarpus-tympaniticus.png,https://upload.wikimedia.org/wikipedia/commons/b/b2/Platecarpus-tympaniticus.png,['Platecarpus skeletal mounts'],"{'Fossils', 'Nature', 'STEM'}"
41,27363754,Hypacrosaurus stebingeri holotype.jpg,https://upload.wikimedia.org/wikipedia/commons/2/2a/Hypacrosaurus_stebingeri_holotype.jpg,"['Hypacrosaurus skulls' 'Collections of the Museum of the Rockies'
 'Hadrosauridae holotypes' 'Unnamed Dinosauria fossils'
 'Upper Cretaceous fossils from Montana' 'Glacier County, Montana'
 'Type specimens from Montana']","{'Places', 'STEM', 'Culture', 'Fossils', 'Nature'}"
42,10845201,Auto partage Pau Halles-Médiathèque.JPG,https://upload.wikimedia.org/wikipedia/commons/f/ff/Auto_partage_Pau_Halles-M%C3%A9diath%C3%A8que.JPG,"[""IDElib'"" 'Citroën C3 (2009)' 'Citroën Nemo']","{'Transportation', 'Society'}"
43,7546217,Richard sprigg steuart.jpg,https://upload.wikimedia.org/wikipedia/commons/5/56/Richard_sprigg_steuart.jpg,"['Mental health' 'Men of Maryland' 'Health in the United States'
 'People of Baltimore County, Maryland' 'Anne Arundel County, Maryland'
 'History of slavery in Maryland' 'Spring Grove State Hospital']","{'Places', 'History', 'STEM', 'Culture', 'Medicine & Health'}"
44,11132473,"Raigmore Hospital, Inverness, Scotland.jpg",https://upload.wikimedia.org/wikipedia/commons/1/14/Raigmore_Hospital%2C_Inverness%2C_Scotland.jpg,"['Raigmore Hospital' 'Images by Richard Dorrell'
 'United Kingdom photographs taken on 2009-04-09'
 'April 2009 in Inverness']","{'Medicine & Health', 'STEM'}"
45,8690448,The scattering coefficient spectrum of biological tissue.png,https://upload.wikimedia.org/wikipedia/commons/b/bd/The_scattering_coefficient_spectrum_of_biological_tissue.png,['Spectroscopy' 'Biological tissues'],"{'STEM', 'Chemistry'}"
46,2534225,BuddhistcuisineTofuMeat.jpg,https://upload.wikimedia.org/wikipedia/commons/9/96/BuddhistcuisineTofuMeat.jpg,['Soy-based meat substitutes' 'Tofu dishes of Hong Kong'],"{'Culture', 'Food'}"
47,4957365,Rocky mountain oysters.jpg,https://upload.wikimedia.org/wikipedia/commons/6/6a/Rocky_mountain_oysters.jpg,"['Deep-fried food' 'Offal dishes' 'Bull testicles'
 'Beef dishes of the United States' 'Testicles (meat)']","{'Nature', 'Culture', 'Food', 'STEM'}"
48,429670,STS-93 crew.jpg,https://upload.wikimedia.org/wikipedia/commons/b/b2/STS-93_crew.jpg,"['STS crew portraits' 'Crew of STS-93' 'Steven Hawley' 'Jeffrey Ashby'
 'Eileen Collins' 'Michel Tognini' 'Catherine Coleman'
 'Chandra X-ray Observatory' 'Scientists in 1998']","{'Space', 'People', 'STEM', 'Society'}"
49,56977074,Alcabitius house divisions.jpg,https://upload.wikimedia.org/wikipedia/commons/b/bf/Alcabitius_house_divisions.jpg,['Astrological diagrams' 'House (astrology)'],"{'History', 'STEM', 'Culture', 'Belief', 'Diagrams', 'Society'}"
50,4129611,Cheese blintzes with blackberries.jpg,https://upload.wikimedia.org/wikipedia/commons/3/31/Cheese_blintzes_with_blackberries.jpg,"['Blintzes' 'Tvorog' 'Rolled pancakes' 'Curd cheese-based food'
 'Blackberry jam' 'Cheese filling' 'Cheese and jam']","{'Culture', 'STEM', 'Nature', 'Food'}"
51,78492328,Zodiac Constellations.jpg,https://upload.wikimedia.org/wikipedia/commons/f/f8/Zodiac_Constellations.jpg,['Constellations of the Zodiac' 'Astrology'],"{'History', 'STEM', 'Culture', 'Belief', 'Nature', 'Society'}"
52,54454822,01-Achtzehneck-Tomahawk.gif,https://upload.wikimedia.org/wikipedia/commons/c/cf/01-Achtzehneck-Tomahawk.gif,"['Non-SVG images by Petrus3743' 'Animations of geometry'
 'Regular octadecagons' 'Neusis'
 'Animations of ruler and compass constructions']","{'Mathematics', 'Culture', 'STEM'}"
53,26948766,Rebis Theoria Philosophiae Hermeticae 1617.jpg,https://upload.wikimedia.org/wikipedia/commons/e/e9/Rebis_Theoria_Philosophiae_Hermeticae_1617.jpg,['Azoth' 'Anima Mundi' 'Androgyny in art'],"{'History', 'Culture', 'Belief', 'People', 'Society'}"
54,75997423,Drexel 3976.jpg,https://upload.wikimedia.org/wikipedia/commons/3/35/Drexel_3976.jpg,['Drexel 3976' '17th-century manuscripts' 'Music in the 17th century'],"{'Music', 'History', 'Culture'}"
55,5547019,Jamal Williams.jpg,https://upload.wikimedia.org/wikipedia/commons/6/6e/Jamal_Williams.jpg,"['2008 San Diego Chargers season' 'Stretching' 'Jamal Williams'
 'Chris Chambers' 'Sports warm-ups']","{'Society', 'Sports'}"
56,38204073,EMP Museum - Nirvana (15632245508).jpg,https://upload.wikimedia.org/wikipedia/commons/6/65/EMP_Museum_-_Nirvana_%2815632245508%29.jpg,"['Music-related collections of the EMP Museum' 'Guitars in museums'
 'Guitars of Kurt Cobain' 'Fender Stratocaster' 'Fender Mustang']","{'Music', 'History', 'Culture'}"
57,17726433,David koresh.jpg,https://upload.wikimedia.org/wikipedia/commons/1/18/David_koresh.jpg,"['Mug shots of people of the United States' 'David Koresh'
 'Messiah Syndrome']","{'Culture', 'Belief', 'Society'}"
58,38863601,"Olomouc, Fakultní nemocnice, SOR LC 10,5, FTL, zepředu.jpg",https://upload.wikimedia.org/wikipedia/commons/8/8d/Olomouc%2C_Fakultn%C3%AD_nemocnice%2C_SOR_LC_10%2C5%2C_FTL%2C_zep%C5%99edu.jpg,"['Fakultní nemocnice (bus stop, Olomouc)' 'SOR LC 10,5'
 'Buses of FTL - First Transport Lines']","{'Transportation', 'Society'}"
59,16075691,Canadas Wonderland International Street Latin Building bottom end.jpg,https://upload.wikimedia.org/wikipedia/commons/0/0e/Canadas_Wonderland_International_Street_Latin_Building_bottom_end.jpg,"[""International Street at Canada's Wonderland""
 'Starbucks Coffee in Vaughan' ""Food at Canada's Wonderland""]","{'Food', 'Culture', 'Society'}"
60,2998390,Palacio de Deportes (Madrid) 05.jpg,https://upload.wikimedia.org/wikipedia/commons/9/93/Palacio_de_Deportes_%28Madrid%29_05.jpg,"['Palacio de Deportes de la Comunidad de Madrid' 'EuroBasket 2007'
 'September 2007 in Madrid' 'Buildings in Madrid photographed in 2007']","{'Sports', 'Events', 'Society'}"
61,30126347,Julina Lambson Smith.jpg,https://upload.wikimedia.org/wikipedia/commons/1/18/Julina_Lambson_Smith.jpg,"['1849 births' '1936 deaths' 'Midwives from the United States'
 'General presidencies of the Relief Society of The Church of Jesus Christ of Latter-day Saints'
 'People of Salt Lake City' 'Smith family'
 'Burials at Salt Lake City Cemetery']","{'Society', 'History', 'STEM', 'Culture', 'Medicine & Health', 'People'}"
62,22736064,Interval vector C major chord.png,https://upload.wikimedia.org/wikipedia/commons/0/07/Interval_vector_C_major_chord.png,['Interval vectors' 'Major chords'],"{'Music', 'Mathematics', 'STEM', 'Culture'}"
63,80290472,Dvulikiaspis menneri holotype drawing.png,https://upload.wikimedia.org/wikipedia/commons/a/a2/Dvulikiaspis_menneri_holotype_drawing.png,['Dvulikiaspis fossils' 'Chasmataspidida holotypes'],"{'STEM', 'Fossils', 'Nature'}"
64,7742074,New York Giants vs SF Seals.png,https://upload.wikimedia.org/wikipedia/commons/5/57/New_York_Giants_vs_SF_Seals.png,"['1907 in baseball' 'New York Giants (NL)' 'San Francisco Call'
 'San Francisco Seals' 'Newspapers of the United States, 1907']","{'Culture', 'Society', 'Literature'}"
65,34857467,Train Spectrogram.jpg,https://upload.wikimedia.org/wikipedia/commons/c/cc/Train_Spectrogram.jpg,['Audio spectrograms' 'Icebergs'],"{'Nature', 'STEM', 'Chemistry'}"
66,82620755,Tuberculoid Gumma2.png,https://upload.wikimedia.org/wikipedia/commons/9/99/Tuberculoid_Gumma2.png,['Tuberculous gumma'],"{'Medicine & Health', 'STEM'}"
67,6384419,Ectosteorhachis fossil.JPG,https://upload.wikimedia.org/wikipedia/commons/0/01/Ectosteorhachis_fossil.JPG,"['Megalichthyidae fossils'
 'Fossils in the American Museum of Natural History' 'Ectosteorhachis']","{'STEM', 'Fossils', 'Nature'}"
68,73485703,Diego reyes.jpg,https://upload.wikimedia.org/wikipedia/commons/0/0f/Diego_reyes.jpg,['Association football players from Mexico'],"{'Society', 'Sports'}"
69,10723011,Four point pursuit curve.gif,https://upload.wikimedia.org/wikipedia/commons/c/cb/Four_point_pursuit_curve.gif,['Mice problem' 'Animations of geometry'],"{'Mathematics', 'Culture', 'STEM'}"
70,59774462,Animated Graycode.gif,https://upload.wikimedia.org/wikipedia/commons/8/88/Animated_Graycode.gif,['Animations of algorithms'],"{'Mathematics', 'STEM'}"
71,15275389,Frederick Augustus Genth.jpg,https://upload.wikimedia.org/wikipedia/commons/1/1e/Frederick_Augustus_Genth.jpg,"['Frederick Augustus Genth'
 'Black and white portrait photographs of male scientists']","{'Nature', 'STEM', 'Society', 'Chemistry'}"
72,10851893,Singapore fortune teller.jpg,https://upload.wikimedia.org/wikipedia/commons/d/d2/Singapore_fortune_teller.jpg,"['Little India, Singapore' 'Fortune-tellers'
 'Domesticated Psittacula krameri' 'Parrot astrology']","{'Places', 'Culture', 'Belief', 'Society', 'History', 'People'}"
73,14491642,StateLibQld 1 145063 Cymric (ship).jpg,https://upload.wikimedia.org/wikipedia/commons/9/99/StateLibQld_1_145063_Cymric_%28ship%29.jpg,"['Cymric (ship, 1893)' 'Ships in Queensland'
 'Black and white photographs of Queensland']","{'Transportation', 'Society'}"
74,28894545,Canobius ramsayi.JPG,https://upload.wikimedia.org/wikipedia/commons/3/3e/Canobius_ramsayi.JPG,"['Actinopterygii fossils' 'Museum of Paleontology, Tübingen, Fishes']","{'Places', 'STEM', 'Culture', 'Fossils', 'Nature'}"
75,586350,SF Chinatown soapboxing p1060705.jpg,https://upload.wikimedia.org/wikipedia/commons/2/2c/SF_Chinatown_soapboxing_p1060705.jpg,['Activism' 'Opinion'],"{'Belief', 'Culture', 'Politics', 'Society'}"
76,205259,Vomer and choane.jpg,https://upload.wikimedia.org/wikipedia/commons/3/3e/Vomer_and_choane.jpg,"['Cat skulls' 'Images with unicolor background' 'Vomer' 'Palatine bones'
 'Felidae crania']","{'Medicine & Health', 'STEM'}"
77,5786078,Seattle - Garfield High School soccer practice 01A.jpg,https://upload.wikimedia.org/wikipedia/commons/6/69/Seattle_-_Garfield_High_School_soccer_practice_01A.jpg,"['Garfield High School (Seattle)'
 'Association football in Washington (state)'
 'High school association football in the United States']","{'Places', 'Society', 'Sports'}"
78,40070996,The Valley of Silent Men (1922) - 3.jpg,https://upload.wikimedia.org/wikipedia/commons/8/86/The_Valley_of_Silent_Men_%281922%29_-_3.jpg,"['The Valley of Silent Men' 'Alma Rubens'
 'Advertising of silent films in print media' 'Duluth Herald, 1922']","{'Culture', 'STEM', 'Literature', 'Technology & Engineering', 'People', 'Society'}"
79,2735485,Scribe's exercise tablet 1.jpg,https://upload.wikimedia.org/wikipedia/commons/6/66/Scribe%27s_exercise_tablet_1.jpg,"['Hieratic' 'Writing tools' 'Scribes' 'Works of the Egyptian 18th dynasty'
 'Ancient Egyptian manuscripts in the Brooklyn Museum'
 'Instructions of Amenemhat']","{'Society', 'History', 'Culture', 'Literature', 'People'}"
80,13362240,USNS Kawishiwi (T-AO-146) enters Pearl Harbor on 1 June 1991.jpg,https://upload.wikimedia.org/wikipedia/commons/e/e5/USNS_Kawishiwi_%28T-AO-146%29_enters_Pearl_Harbor_on_1_June_1991.jpg,"['USS Kawishiwi (AO-146)' '1991 in Pearl Harbor'
 'Naval ships of the United States in Pearl Harbor']","{'Transportation', 'Society'}"
81,34236940,NAMRU-3 logo.png,https://upload.wikimedia.org/wikipedia/commons/e/e3/NAMRU-3_logo.png,"['Emblems of the United States Navy'
 'US Naval Medical Research Unit (Cairo)']","{'Medicine & Health', 'STEM', 'Society'}"
82,8950028,Carus-p48-Mystic-table.jpg,https://upload.wikimedia.org/wikipedia/commons/2/27/Carus-p48-Mystic-table.jpg,"['Chinese zodiac' 'Luoshu' 'Bagua (Taoist cosmology)'
 'Turtles in Tibetan art' 'Astrology of Tibet' 'Tibetan writing'
 'English text']","{'History', 'STEM', 'Culture', 'Belief', 'Nature', 'Society'}"
83,6685955,HK Food Steamed Meat Cake 蒸豬肉餅.JPG,https://upload.wikimedia.org/wikipedia/commons/8/89/HK_Food_Steamed_Meat_Cake_%E8%92%B8%E8%B1%AC%E8%82%89%E9%A4%85.JPG,"['Steamed food of Hong Kong' 'Pork dishes of Hong Kong'
 'Chopped scallions' 'Scallions as garnish' 'Steamed Minced Pork'
 'Hong Kong photographs taken on 2009-05-03'
 'May 2009 Hong Kong photographs']","{'Culture', 'Food'}"
84,20791176,Albert Benjamin Prescott.png,https://upload.wikimedia.org/wikipedia/commons/7/78/Albert_Benjamin_Prescott.png,['Albert Benjamin Prescott' 'Popular Science Monthly/Contributors'],"{'Nature', 'STEM', 'Chemistry'}"
85,6628532,Stegomastodon mirificus - Smithsonian.JPG,https://upload.wikimedia.org/wikipedia/commons/7/76/Stegomastodon_mirificus_-_Smithsonian.JPG,['Stegomastodon fossils' 'Gomphotheriidae skeletal mounts'],"{'STEM', 'Fossils', 'Nature'}"
86,5835650,"Muhammad Yunus, World Economic Forum 2009 Annual Meeting.jpg",https://upload.wikimedia.org/wikipedia/commons/8/84/Muhammad_Yunus%2C_World_Economic_Forum_2009_Annual_Meeting.jpg,['Muhammad Yunus' '2009 World Economic Forum'],"{'Society', 'Culture', 'Politics', 'People'}"
87,26816605,Piveteausaurus divesensis.JPG,https://upload.wikimedia.org/wikipedia/commons/c/c8/Piveteausaurus_divesensis.JPG,['Piveteausaurus fossils'],"{'Fossils', 'Nature', 'STEM'}"
88,47083280,Meudon Observatory (3560369038).jpg,https://upload.wikimedia.org/wikipedia/commons/2/21/Meudon_Observatory_%283560369038%29.jpg,"[""Grande coupole de l'observatoire de Meudon""
 'Statue de Jules Janssen (Meudon)']","{'Society', 'Space', 'History', 'STEM', 'Culture', 'Technology & Engineering', 'People'}"
89,28397584,Ferdinand Keller - Scheherazade und Sultan Schariar (1880).jpg,https://upload.wikimedia.org/wikipedia/commons/9/95/Ferdinand_Keller_-_Scheherazade_und_Sultan_Schariar_%281880%29.jpg,"['Paintings by Ferdinand Keller' 'Arabian Nights' 'Scheherazade'
 'Shahryār' 'Fritz Gurlitt' 'Paintings of women with parrots'
 '19th-century paintings of parrots']","{'Culture', 'Literature', 'People', 'Society'}"
90,5917214,Trachyceras Brotheotrachyceras brotheus.jpg,https://upload.wikimedia.org/wikipedia/commons/5/59/Trachyceras_Brotheotrachyceras_brotheus.jpg,['Trachyceras' 'Gadertal' 'Ceratitida fossils'],"{'Places', 'Fossils', 'Nature', 'STEM'}"
91,33430093,Kiran Mazumdar-Shaw HD2014 Othmer Gold Medal 0127.JPG,https://upload.wikimedia.org/wikipedia/commons/2/2c/Kiran_Mazumdar-Shaw_HD2014_Othmer_Gold_Medal_0127.JPG,"['Recipients of awards' 'Female scientists' 'Females with objects'
 'Chemists from India' 'Kiran Mazumdar-Shaw']","{'People', 'STEM', 'Chemistry', 'Nature', 'Society'}"
92,29463522,Suzuki Coupling Transmetalation.png,https://upload.wikimedia.org/wikipedia/commons/e/e7/Suzuki_Coupling_Transmetalation.png,['Suzuki reactions'],"{'STEM', 'Chemistry'}"
93,8971830,Vasily Velichko.jpg,https://upload.wikimedia.org/wikipedia/commons/0/0c/Vasily_Velichko.jpg,['Poets from Russia' 'Vasily Velichko' '1860 births' '1903 deaths'],"{'People', 'Culture', 'Society', 'Literature'}"
94,91982339,Historia del fútbol (pp. 30–31).jpg,https://upload.wikimedia.org/wikipedia/commons/f/fc/Historia_del_f%C3%BAtbol_%28pp._30%E2%80%9331%29.jpg,"['La balle au pied : Histoire du football' 'Book pages from Spain'
 'Association football posters' 'History of association football in art']","{'History', 'Culture', 'Literature', 'Events', 'Society'}"
95,2707318,HWVogel.jpg,https://upload.wikimedia.org/wikipedia/commons/a/a1/HWVogel.jpg,['Hermann Wilhelm Vogel'],"{'Nature', 'STEM', 'Chemistry'}"
96,11551023,Bernstein Approximation.gif,https://upload.wikimedia.org/wikipedia/commons/a/a6/Bernstein_Approximation.gif,"['Animations of mathematical theorems' 'Numerical analysis'
 'Bernstein polynomials' 'Animations of calculus' 'Maple diagrams']","{'Mathematics', 'STEM', 'Culture'}"
97,18570629,ChittlehamptonBrassHenryCoblegh1470.jpg,https://upload.wikimedia.org/wikipedia/commons/7/70/ChittlehamptonBrassHenryCoblegh1470.jpg,"['Gothic text' 'St Hieritha, Chittlehampton (interior)'
 'English Gothic script 1470']","{'Culture', 'Literature'}"
98,1742674,Neoplatonic-Sun.GIF,https://upload.wikimedia.org/wikipedia/commons/e/eb/Neoplatonic-Sun.GIF,['Anima Mundi' 'Neoplatonism' 'Suns with a face' 'Sun symbols'],"{'Places', 'Culture', 'Belief', 'Society', 'History', 'STEM', 'Nature', 'People'}"
99,24780959,Bistahieversor.jpg,https://upload.wikimedia.org/wikipedia/commons/a/aa/Bistahieversor.jpg,"['New Mexico Museum of Natural History and Science'
 'Bistahieversor skulls']","{'Fossils', 'Nature', 'Culture', 'STEM'}"
100,45526584,Guinness beer cupcakes.png,https://upload.wikimedia.org/wikipedia/commons/3/38/Guinness_beer_cupcakes.png,['Cupcakes' 'Guinness-based food' 'Sprinkles'],"{'Culture', 'Food'}"
101,18186615,"MA-9 Faith 7 Space Center Houston, Houston, TX.JPG",https://upload.wikimedia.org/wikipedia/commons/e/ed/MA-9_Faith_7_Space_Center_Houston%2C_Houston%2C_TX.JPG,"['Faith 7 at Space Center Houston' 'November 2011 in Texas'
 '2011 in Houston']","{'Belief', 'Culture'}"
102,6233117,Viviane Wade and Laura Bush.jpg,https://upload.wikimedia.org/wikipedia/commons/1/14/Viviane_Wade_and_Laura_Bush.jpg,"['Laura Bush in 2004' 'Viviane Wade' 'People of Senegal'
 'Yellow Oval Room' 'Relations of Senegal and the United States'
 'White House in 2004' 'December 2004 in Washington, D.C.'
 'Laura Bush with national leaders' 'Pantsuits']","{'Society', 'Places', 'History', 'Culture', 'Politics', 'People'}"
103,18503368,LillsMethod.svg,https://upload.wikimedia.org/wikipedia/commons/9/97/LillsMethod.svg,"['Polynomial equations' ""Lill's method""]","{'Mathematics', 'STEM', 'Culture'}"
104,60452710,Sébastien Cazenove.jpg,https://upload.wikimedia.org/wikipedia/commons/9/95/S%C3%A9bastien_Cazenove.jpg,['Sébastien Cazenove'],"{'Politics', 'Society'}"
105,10366866,"Gen. Ulysses S. Grant and staff of eight, recognized -- Maj. O.E. Babcock, Col. Wm. McK.Dunn, Capt. Henry W. Janes, Col. Ely S. Parker, Gen. Cyrus B. Comstock, Capt. Peter T. Hudson, Col. Michael R. Morgan, Gen. John A. Rawlins, ca. 1860 - ca.jpg",https://upload.wikimedia.org/wikipedia/commons/f/f0/Gen._Ulysses_S._Grant_and_staff_of_eight%2C_recognized_--_Maj._O.E._Babcock%2C_Col._Wm._McK.Dunn%2C_Capt._Henry_W._Janes%2C_Col._Ely_S._Parker%2C_Gen._Cyrus_B._Comstock%2C_Capt._Peter_T._Hudson%2C_Col._Michael_R._Morgan%2C_Gen._John_A._Rawlins%2C_ca._1860_-_ca.jpg,"['General Grant with staff' 'Ely Parker' 'John Aaron Rawlins'
 'Cyrus B. Comstock' 'Officers of the Union Army'
 'Vintage photographs of the American Civil War']","{'Society', 'STEM', 'Technology & Engineering', 'Politics', 'People'}"
106,40022175,"Stromatolite (Strelley Pool Formation, Paleoarchean, 3.35-3.46 Ga; East Strelley Greenstone Belt, Pilbara Craton, Western Australia) 1 (17346619166).jpg",https://upload.wikimedia.org/wikipedia/commons/b/b4/Stromatolite_%28Strelley_Pool_Formation%2C_Paleoarchean%2C_3.35-3.46_Ga%3B_East_Strelley_Greenstone_Belt%2C_Pilbara_Craton%2C_Western_Australia%29_1_%2817346619166%29.jpg,"['Stromatolites' 'Archean geology of Australia' 'Paleoarchean'
 'Fossils of Australia' 'Geology of Western Australia'
 'Strelley Pool Formation']","{'STEM', 'Geology', 'Fossils', 'Nature'}"
107,11470814,Relógio.jpg,https://upload.wikimedia.org/wikipedia/commons/a/a0/Rel%C3%B3gio.jpg,"['Rosa dos ventos da fortaleza de Sagres'
 'Horizontal sundials in Portugal' 'Stone sundials']","{'Places', 'Space', 'History', 'Culture', 'STEM'}"
108,41866423,Matthias zimmermann.jpg,https://upload.wikimedia.org/wikipedia/commons/c/c9/Matthias_zimmermann.jpg,"['Matthias Zimmermann (footballer, born 1992)']","{'Society', 'Sports'}"
109,44406519,RichmondHillCentre27.jpg,https://upload.wikimedia.org/wikipedia/commons/7/7e/RichmondHillCentre27.jpg,"['Buses at Richmond Hill Centre Terminal' 'Viva buses'
 'March 2012 in Ontario' '2012 in bus transport in Canada']","{'Transportation', 'Society'}"
110,83502184,Ninth chord resolution examples given by Schoenberg.png,https://upload.wikimedia.org/wikipedia/commons/1/17/Ninth_chord_resolution_examples_given_by_Schoenberg.png,"['Ninth chords' 'Consonance and dissonance' 'Voice leading'
 'Chord progressions' 'Cadences']","{'Culture', 'STEM', 'Music', 'Technology & Engineering'}"
111,51620964,Trócsányi László EU2016 SK.jpg,https://upload.wikimedia.org/wikipedia/commons/0/06/Tr%C3%B3cs%C3%A1nyi_L%C3%A1szl%C3%B3_EU2016_SK.jpg,"['László Trócsányi'
 'Slovak Presidency of the Council of the European Union (2016)']","{'Politics', 'People', 'Society'}"
112,62427955,Klaffmuschel Pleuromya uniformis.jpg,https://upload.wikimedia.org/wikipedia/commons/1/1d/Klaffmuschel_Pleuromya_uniformis.jpg,['Black Jura'],"{'Fossils', 'Nature', 'STEM', 'Geology'}"
113,5825061,Yangdun01.JPG,https://upload.wikimedia.org/wikipedia/commons/f/f4/Yangdun01.JPG,['Tai Yi' 'Diagrams in Chinese' 'Astrology of China'],"{'History', 'STEM', 'Culture', 'Belief', 'Diagrams', 'Society'}"
114,80237494,"Solly Msimanga and Mmusi Maimane, 2012.jpg",https://upload.wikimedia.org/wikipedia/commons/d/d7/Solly_Msimanga_and_Mmusi_Maimane%2C_2012.jpg,['Mmusi Maimane' 'Solly Msimanga'],"{'Politics', 'People', 'Society'}"
115,2581108,The Strangelings in the Budgiedome.jpg,https://upload.wikimedia.org/wikipedia/commons/2/2e/DSCF0091.jpg,"['Music performances in Massachusetts' 'The Strangelings'
 'Falcon Ridge Folk Festival']","{'Culture', 'Music', 'Events', 'Society'}"
116,33307712,"Sumbala balls and the African locust bean seeds they are prepared from (Kera (Dédougou District), Burkina Faso, June 2014).jpg",https://upload.wikimedia.org/wikipedia/commons/9/9e/Sumbala_balls_and_the_African_locust_bean_seeds_they_are_prepared_from_%28Kera_%28D%C3%A9dougou_District%29%2C_Burkina_Faso%2C_June_2014%29.jpg,['Parkia biglobosa' 'Fermented food' 'Dédougou' 'Cuisine of Burkina Faso'],"{'Places', 'STEM', 'Culture', 'Chemistry'}"
117,46570034,Schweinebraten Wirsing Kloß Pretzfeld.JPG,https://upload.wikimedia.org/wikipedia/commons/9/9d/Schweinebraten_Wirsing_Klo%C3%9F_Pretzfeld.JPG,"['Pork dishes of Franconia' 'Savoy cabbage dishes of Franconia'
 'Kartoffelklöße of Franconia' 'Schweinsbraten']","{'Culture', 'Food'}"
118,1513944,G-BZMD.jpg,https://upload.wikimedia.org/wikipedia/commons/9/93/G-BZMD.jpg,['2006 Royal International Air Tattoo' 'G-BZMD (aircraft)'],"{'History', 'Culture', 'Music', 'Events', 'Society'}"
119,19879906,Lou Harrison - Old Granddad pentatonic tuning.png,https://upload.wikimedia.org/wikipedia/commons/8/87/Lou_Harrison_-_Old_Granddad_pentatonic_tuning.png,"['5-limit tuning and intervals' 'Major pentatonic scales'
 'Interval and tuning diagrams']","{'Music', 'Diagrams', 'Culture', 'STEM'}"
120,83848354,Liliana Colanzi 8315723.jpg,https://upload.wikimedia.org/wikipedia/commons/6/6a/Liliana_Colanzi_8315723.jpg,['2019 National Book Festival' 'Liliana Colanzi'],"{'Culture', 'Politics', 'People', 'Society'}"
121,7890463,MeisenheimerComplex.png,https://upload.wikimedia.org/wikipedia/commons/f/fe/MeisenheimerComplex.png,"['Chemical reactions' 'Physical organic chemistry' 'Nitro compounds'
 'Meisenheimer complexes']","{'Nature', 'STEM', 'Chemistry'}"
123,46877628,Aphonopelma chiricahua male ZooKeys 560.jpg,https://upload.wikimedia.org/wikipedia/commons/c/c0/Aphonopelma_chiricahua_male_ZooKeys_560.jpg,"['Aphonopelma chiricahua' 'Media from ZooKeys'
 'Spiders on white background']","{'Nature', 'STEM', 'Geology'}"
124,10998386,Stonyhurst observatory.jpg,https://upload.wikimedia.org/wikipedia/commons/2/29/Stonyhurst_observatory.jpg,"['The Observatory, Stonyhurst College, Lancashire'
 'Observatories in the United Kingdom']","{'Places', 'Space', 'STEM'}"
125,55171647,Áine Cahill Eurosonic 2017.jpg,https://upload.wikimedia.org/wikipedia/commons/2/20/%C3%81ine_Cahill_Eurosonic_2017.jpg,['Music'],"{'Music', 'Culture'}"
126,84459250,"2019-11-28 15 51 51 A tub of Turkey Hill Choco Mint Chip Premium Ice Cream in the Parkway Village section of Ewing Township, Mercer County, New Jersey.jpg",https://upload.wikimedia.org/wikipedia/commons/5/5e/2019-11-28_15_51_51_A_tub_of_Turkey_Hill_Choco_Mint_Chip_Premium_Ice_Cream_in_the_Parkway_Village_section_of_Ewing_Township%2C_Mercer_County%2C_New_Jersey.jpg,"['Food in Ewing Township, New Jersey' 'Turkey Hill (company)'
 'Mint chocolate chip ice cream' 'Thanksgiving 2019 in the United States']","{'Society', 'Culture', 'Food'}"
127,20056542,Auzout lunar crater map.jpg,https://upload.wikimedia.org/wikipedia/commons/1/1e/Auzout_lunar_crater_map.jpg,['Auzout (crater)' 'Lumenera Skynyx 2-1 images of the moon'],"{'Places', 'Space', 'STEM', 'Nature'}"
128,14851716,RaPlot-nouniques-wikipedia.png,https://upload.wikimedia.org/wikipedia/commons/9/9d/RaPlot-nouniques-wikipedia.png,"['Charts' 'Genomics' 'Numerical analysis' 'Cellular processes' 'Evolution'
 'Microtechnology' 'Biotechnology' 'Biochemistry methods']","{'Mathematics', 'Culture', 'STEM', 'Technology & Engineering', 'Nature'}"
129,3077089,Turrialba Volcano Sept 2005.jpg,https://upload.wikimedia.org/wikipedia/commons/7/7f/Turrialba_Volcano_Sept_2005.jpg,"['Volcanic craters in Costa Rica' 'Volcanic degassing in Costa Rica'
 'Turrialba volcano' 'Hydrothermal alteration in Costa Rica'
 'Mineral deposits at volcanoes in Costa Rica']","{'Places', 'Culture', 'Geology', 'History', 'STEM', 'Nature'}"
130,38467207,Johan Zuidema (1976).jpg,https://upload.wikimedia.org/wikipedia/commons/2/2f/Johan_Zuidema_%281976%29.jpg,['Johan Zuidema' 'Photographs by Hans Peters'],"{'Society', 'Sports'}"
131,4371802,Eastman School of Music - Sibley Music Library.jpg,https://upload.wikimedia.org/wikipedia/commons/2/22/Eastman_School_of_Music_-_Sibley_Music_Library.jpg,['Music libraries' 'Eastman School of Music'],"{'Music', 'Culture'}"
132,652357,GEB 1987.jpg,https://upload.wikimedia.org/wikipedia/commons/8/81/GEB_1987.jpg,['Guillermo Estévez Boero' 'People of Argentina in 1987'],"{'Politics', 'Society'}"
133,65554381,Scrotal ultrasonography of epidermoid cyst.jpg,https://upload.wikimedia.org/wikipedia/commons/e/eb/Scrotal_ultrasonography_of_epidermoid_cyst.jpg,"['Ultrasound images of scrotal contents'
 'Ultrasound images of epidermoid cyst of the testis']","{'Medicine & Health', 'STEM'}"
134,77490964,"2019-03-20 20 20 34 A bowl of spinach-artichoke dip at the Applebee's in Fair Lakes, Fairfax County, Virginia.jpg",https://upload.wikimedia.org/wikipedia/commons/a/a0/2019-03-20_20_20_34_A_bowl_of_spinach-artichoke_dip_at_the_Applebee%27s_in_Fair_Lakes%2C_Fairfax_County%2C_Virginia.jpg,"[""Applebee's in Fair Lakes, Virginia"" ""Applebee's Classic Combo""
 ""Applebee's Spinach + Artichoke Dip"" 'March 2019 in Virginia']","{'Food', 'Culture', 'Society'}"
135,59712336,The Time Bird.jpg,https://upload.wikimedia.org/wikipedia/commons/2/2d/The_Time_Bird.jpg,"['Black, red, yellow logos' 'Single covers of the United States'
 'Yellow squares']","{'Music', 'Logos & Symbols', 'Culture'}"
136,45781977,CowanTunnelSouthLookingNorth.jpg,https://upload.wikimedia.org/wikipedia/commons/0/0e/CowanTunnelSouthLookingNorth.jpg,['Cowan Tunnel' 'Railroads of the American Civil War'],"{'Places', 'Transportation', 'Society'}"
137,3737038,US specialist helping Afghan nomads.jpg,https://upload.wikimedia.org/wikipedia/commons/4/42/US_specialist_helping_Afghan_nomads.jpg,"['Kuchi people in Paktia Province' 'Pediatric physical examinations'
 'Posterior chest auscultation' 'Ambulatory care']","{'Society', 'Culture', 'STEM', 'Medicine & Health', 'People'}"
138,4536341,Duval courthouse.jpg,https://upload.wikimedia.org/wikipedia/commons/5/5e/Duval_courthouse.jpg,"['Built in Texas in 1916' 'Flagpoles in Texas'
 'Photographs of flags of the United States in Texas'
 'Fire escapes in Texas' 'San Diego, Texas'
 'Duval County Courthouse (Texas)' 'County courthouses in Texas'
 'August 2008 in Texas']","{'Places', 'Medicine & Health', 'STEM', 'Society'}"
139,25287905,Directed medial graph example.svg,https://upload.wikimedia.org/wikipedia/commons/6/69/Directed_medial_graph_example.svg,['Graphs (graph theory)'],"{'Mathematics', 'STEM'}"
140,7293609,Лагранж.jpg,https://upload.wikimedia.org/wikipedia/commons/4/46/%D0%9B%D0%B0%D0%B3%D1%80%D0%B0%D0%BD%D0%B6.jpg,['Joseph-Louis Lagrange'],"{'Space', 'Nature', 'STEM'}"
141,24189151,Мыс Шмидта.jpg,https://upload.wikimedia.org/wikipedia/commons/a/a6/%D0%9C%D1%8B%D1%81_%D0%A8%D0%BC%D0%B8%D0%B4%D1%82%D0%B0.jpg,"['Cape Kozhevnikov, Natural monument']","{'Places', 'Space', 'Culture', 'Society', 'History', 'STEM', 'Nature', 'People'}"
142,46406318,William Henry Chandler.jpg,https://upload.wikimedia.org/wikipedia/commons/7/7d/William_Henry_Chandler.jpg,['Male chemists from the United States' 'Academics from the United States'],"{'Society', 'STEM', 'Chemistry', 'Nature', 'People'}"
143,24800153,X5683 - Radiogrammofon Granada III - Gylling & Co - foto Dan Johansson.jpg,https://upload.wikimedia.org/wikipedia/commons/b/b5/X5683_-_Radiogrammofon_Granada_III_-_Gylling_%26_Co_-_foto_Dan_Johansson.jpg,"['Radiograms (furniture)' 'Audio cabinets' 'Record players'
 'Record changers' 'Radio receivers of Sweden' 'Gylling & Co'
 'Swedish Performing Arts Agency']","{'STEM', 'Culture', 'Music', 'Technology & Engineering', 'Society'}"
144,27838813,Astraea rugosa side view.jpg,https://upload.wikimedia.org/wikipedia/commons/e/e4/Astraea_rugosa_side_view.jpg,['Bolma rugosa' 'Pliocene Gastropoda fossils'],"{'Culture', 'Geology', 'Animals', 'History', 'STEM', 'Fossils', 'Nature'}"
145,88724189,1913 Piqua Ohio Advertisement - One Look Is Worth a Thousand Words.jpg,https://upload.wikimedia.org/wikipedia/commons/0/0b/1913_Piqua_Ohio_Advertisement_-_One_Look_Is_Worth_a_Thousand_Words.jpg,"['1913 advertisements in the United States' 'August 1913 in Ohio'
 'Newspapers of the United States, 1913']","{'Culture', 'Literature'}"
146,27064772,Volcanic Ash-Fall Layers Izu Oshima Japan.jpg,https://upload.wikimedia.org/wikipedia/commons/7/7b/Volcanic_Ash-Fall_Layers_Izu_Oshima_Japan.jpg,"['Pyroclastic rocks'
 'Large exposed pyroclastic fall deposit of Izu Oshima'
 'Quaternary volcanism' 'Outcrops in Japan' 'Anticlines' 'Synclines'
 'Fisheye images' 'Volcanic ash' 'Tephra' 'Tuff rock formations in Japan'
 'Volcanic rocks in Japan']","{'Places', 'Culture', 'Geology', 'Medicine & Health', 'Society', 'History', 'STEM', 'Nature'}"
147,21675487,Axelrodichthys araripensis - Naturmuseum Senckenberg - DSC02202.JPG,https://upload.wikimedia.org/wikipedia/commons/8/85/Axelrodichthys_araripensis_-_Naturmuseum_Senckenberg_-_DSC02202.JPG,['Fish fossils in Naturmuseum Senckenberg' 'Axelrodichthys fossils'],"{'STEM', 'Fossils', 'Nature'}"
148,2327972,SubwaySigns.jpg,https://upload.wikimedia.org/wikipedia/commons/d/d8/SubwaySigns.jpg,"['Union Square subway entrances' 'Union Square, Manhattan in 2006'
 'New York City Subway station signs in Manhattan'
 'Wheelchair accessibility signs in the United States'
 'Accessibility in New York City']","{'Places', 'Culture', 'Medicine & Health', 'Society', 'STEM', 'Architecture', 'Nature'}"
149,76493674,SDSS Arp 122 NGC 6040.jpeg,https://upload.wikimedia.org/wikipedia/commons/4/49/SDSS_Arp_122_NGC_6040.jpeg,['NGC 6040' 'Sloan Digital Sky Survey'],"{'Places', 'Space', 'STEM', 'Nature'}"
150,5335657,Construction workers not wearing fall protection equipment.jpg,https://upload.wikimedia.org/wikipedia/commons/c/cf/Construction_workers_not_wearing_fall_protection_equipment.jpg,"['Construction workers in the United States'
 'Men at work in the United States' 'Men with hard hats'
 'Occupational safety and health'
 'Skyscraper construction in the United States'
 'Lack of personal protective equipment'
 'National Institute for Occupational Safety and Health photographs']","{'Places', 'Society', 'STEM', 'Medicine & Health', 'People'}"
151,31684415,Ann Iren Mørkved 2006.jpg,https://upload.wikimedia.org/wikipedia/commons/0/0d/Ann_Iren_M%C3%B8rkved_2006.jpg,"[""Women's association football defenders from Norway""]","{'Culture', 'Society', 'Sports'}"
152,17820075,2000RSD front.jpg,https://upload.wikimedia.org/wikipedia/commons/0/08/2000RSD_front.jpg,"['Banknotes of Serbia' 'Banknotes with a face value of 2000'
 'People on banknotes' 'Milutin Milanković' 'Science on banknotes']","{'Space', 'History', 'Culture', 'STEM', 'Nature', 'People', 'Society'}"
153,22915782,Boltzmannexamplev1.png,https://upload.wikimedia.org/wikipedia/commons/7/7a/Boltzmannexamplev1.png,['Boltzmann machines' 'Complete graph K7'],"{'Mathematics', 'STEM'}"
154,2553591,Grand Mesa and Mt. Garfield.jpg,https://upload.wikimedia.org/wikipedia/commons/c/cd/Grand_Mesa_and_Mt._Garfield.jpg,"['Delta County, Colorado' 'Mesa County, Colorado' 'Geology of Colorado'
 'Panoramics in Colorado' 'Mesas of Colorado'
 'Grand Mesa Scenic and Historic Byway']","{'Places', 'STEM', 'Geology'}"
155,33639758,RAC drawings.svg,https://upload.wikimedia.org/wikipedia/commons/d/dd/RAC_drawings.svg,"['Complete graph K5' 'Complete bipartite graphs' 'Graph coloring; vertex'
 'Graphs with 5 vertices' 'Graphs with 7 vertices']","{'Mathematics', 'STEM'}"
156,14432545,Chislehurst Common - geograph.org.uk - 1716063.jpg,https://upload.wikimedia.org/wikipedia/commons/e/ea/Chislehurst_Common_-_geograph.org.uk_-_1716063.jpg,"['Images by Ian Capper'
 'Public footpaths in the London Borough of Bromley'
 'Parks in the London Borough of Bromley'
 '2009 in the London Borough of Bromley' 'July 2009 in London'
 'United Kingdom photographs taken on 2009-07-28']","{'Transportation', 'Society'}"
157,91003672,Banya Mayakovsky.jpg,https://upload.wikimedia.org/wikipedia/commons/8/85/Banya_Mayakovsky.jpg,['Book covers from Russia'],"{'Culture', 'Literature'}"
158,107787010,JMSDF AOE423 DD111.jpg,https://upload.wikimedia.org/wikipedia/commons/f/fd/JMSDF_AOE423_DD111.jpg,"['JS Tokiwa (AOE-423)' 'JS Ōnami (DD-111)'
 'August 2004 in Shizuoka prefecture' 'Port of Shimizu']","{'Places', 'Transportation', 'Society'}"
159,34722396,Liber Eliensis.PNG,https://upload.wikimedia.org/wikipedia/commons/6/65/Liber_Eliensis.PNG,"['Chronicles' '12th-century books' '12th-century illuminated manuscripts'
 'Illuminated manuscripts in the United Kingdom' 'Wren Library, Cambridge'
 'Fleur-de-lis in art' '2 men' 'Drawings of Christian saints'
 'Drawings of men' 'Line drawings' 'Roman Catholic saints'
 'Medieval Catholic mitres' 'Roman Catholic mitres in art'
 'Bishops wearing mitres' 'Males with crowns in art' 'Croziers in art'
 'People with staffs in art' 'Open books'
 'Books about the history of England'
 'Book illustrations from the United Kingdom' 'Book pages from England'
 'Medieval manuscripts from England' 'Books on black background'
 'Latin-language book pages' 'Books in Latin' 'Books in English'
 'Latin-language manuscripts' 'Books about Christianity'
 'History of Christianity in England' 'History of Catholicism'
 'Edgar of England in miniature']","{'History', 'Culture', 'Literature', 'People', 'Society'}"
160,280680,Göttingen-Dollond-Teleskop.JPG,https://upload.wikimedia.org/wikipedia/commons/8/8d/G%C3%B6ttingen-Dollond-Teleskop.JPG,"['Städtisches Museum Göttingen' 'Georg Christoph Lichtenberg'
 'Dollond firm' 'Historical refracting telescopes']","{'Space', 'Culture', 'STEM'}"
161,802219,RER-B Saint-Rémy1.jpg,https://upload.wikimedia.org/wikipedia/commons/7/7b/RER-B_Saint-R%C3%A9my1.jpg,['Gare de Saint-Rémy-lès-Chevreuse'],"{'Politics', 'Society'}"
162,89576620,Seymouria Tambach Lovers.jpg,https://upload.wikimedia.org/wikipedia/commons/e/e7/Seymouria_Tambach_Lovers.jpg,['Seymouria fossils' 'Bromacker' 'Tambach Formation'],"{'STEM', 'Geology', 'Fossils', 'Nature'}"
163,9463567,Haga theorem 1.svg,https://upload.wikimedia.org/wikipedia/commons/8/8d/Haga_theorem_1.svg,['Origami mathematics'],"{'Mathematics', 'STEM'}"
164,42726188,Huevos à la Mexicana. (6571912625).jpg,https://upload.wikimedia.org/wikipedia/commons/1/14/Huevos_%C3%A0_la_Mexicana._%286571912625%29.jpg,"['Mexican cuisine in the United States' 'Food of Chicago'
 'Pilsen, Chicago' 'Egg-based food']","{'Culture', 'STEM', 'Nature', 'Food', 'Society'}"
165,15232076,Mechanismpart2revised.png,https://upload.wikimedia.org/wikipedia/commons/b/bf/Mechanismpart2revised.png,['Oxidoreductases' 'Human proteins'],"{'STEM', 'Chemistry'}"
166,21695546,Bergsbók.jpg,https://upload.wikimedia.org/wikipedia/commons/0/09/Bergsb%C3%B3k.jpg,"['Sagas' '13th-century illuminated manuscripts'
 'Medieval miniatures of kings']","{'History', 'Culture', 'Literature', 'People', 'Society'}"
167,49925222,Edward Joshua Cooper Signature.jpg,https://upload.wikimedia.org/wikipedia/commons/6/6d/Edward_Joshua_Cooper_Signature.jpg,['Signatures of politicians from Ireland' 'Signatures of astronomers'],"{'Space', 'History', 'Culture', 'STEM', 'Nature', 'Society'}"
168,26516073,Alaska Anchorage Community Hospital 1972 01.jpg,https://upload.wikimedia.org/wikipedia/commons/b/b6/Alaska_Anchorage_Community_Hospital_1972_01.jpg,"['1972 in Anchorage, Alaska' 'August 1972 in Alaska'
 'Automobiles in Alaska' 'Buildings in Anchorage, Alaska'
 'Built in Alaska in 1962' 'Doors in Alaska' 'Downtown Anchorage'
 'Transport in Anchorage, Alaska' 'Former hospitals in the United States'
 'Hospitals in Alaska' 'Outside stairs in Alaska' 'Parking lots in Alaska'
 'Trees in Alaska' 'Windows in Alaska']","{'Places', 'Society', 'STEM', 'Technology & Engineering', 'Nature', 'Transportation'}"
169,58351993,Rutile crystal structure.png,https://upload.wikimedia.org/wikipedia/commons/c/cc/Rutile_crystal_structure.png,"['Crystal structure of rutile'
 'National Institute for Occupational Safety and Health diagrams']","{'Places', 'Medicine & Health', 'STEM'}"
170,10764867,Marlboro red flip top NZ.jpg,https://upload.wikimedia.org/wikipedia/commons/d/da/Marlboro_red_flip_top_NZ.jpg,['Paperboard' 'Cigarette packet warning signs' 'Marlboro cigarette packs'],"{'Medicine & Health', 'STEM'}"
171,10764667,Marlboro red pack front NZ.jpg,https://upload.wikimedia.org/wikipedia/commons/d/d9/Marlboro_red_pack_front_NZ.jpg,['Cigarette packet warning signs' 'Marlboro cigarette packs'],"{'Medicine & Health', 'STEM'}"
172,33593167,Wheel rainbow coloring.svg,https://upload.wikimedia.org/wikipedia/commons/c/c9/Wheel_rainbow_coloring.svg,['Graph coloring; edge' 'Wheel graphs'],"{'Mathematics', 'STEM'}"
173,20117205,NGUFrontLade.jpg,https://upload.wikimedia.org/wikipedia/commons/2/25/NGUFrontLade.jpg,"['Government-owned companies' 'Norges geologiske undersøkelse'
 'Norwegian geological survey']","{'STEM', 'Geology'}"
174,14080303,"Tavern Bridge No 19, at Wheaton Aston, Staffordshire - geograph.org.uk - 1348603.jpg",https://upload.wikimedia.org/wikipedia/commons/6/6e/Tavern_Bridge_No_19%2C_at_Wheaton_Aston%2C_Staffordshire_-_geograph.org.uk_-_1348603.jpg,"['Wheaton Aston' 'Bridges numbered 19'
 'Bridges over canals in Staffordshire'
 'Bridges over the Shropshire Union Canal' 'May 2009 in Staffordshire'
 'Grade II listed bridges in Staffordshire'
 'United Kingdom photographs taken on 2009-05-26']","{'Places', 'History', 'STEM', 'Culture', 'Politics', 'Nature', 'Transportation', 'Society'}"
175,16000841,Ashley 4626430173 8e6bb09c1a o.jpg,https://upload.wikimedia.org/wikipedia/commons/e/e9/Ashley_4626430173_8e6bb09c1a_o.jpg,"['Charles S. Ashley, Sr.' 'Popular Science Monthly/Contributors']","{'Politics', 'Society'}"
176,4910422,"Thälmann, Ernst und Thorez, Maurice - Paris-Berlin, 1932.jpg",https://upload.wikimedia.org/wikipedia/commons/a/ae/Th%C3%A4lmann%2C_Ernst_und_Thorez%2C_Maurice_-_Paris-Berlin%2C_1932.jpg,"['Ernst Thälmann' 'Maurice Thorez' 'Book covers from Germany' ""L'Humanité""]","{'Culture', 'Politics', 'Society', 'Literature', 'People'}"
177,29486866,"McClean Building, Royal Observatory, Cape of Good Hope.jpg",https://upload.wikimedia.org/wikipedia/commons/5/52/McClean_Building%2C_Royal_Observatory%2C_Cape_of_Good_Hope.jpg,"['Royal Observatory, Cape of Good Hope' 'Victoria observatory']","{'Society', 'Space', 'STEM', 'People'}"
178,176352,Guggenmusik.jpg,https://upload.wikimedia.org/wikipedia/commons/1/11/Guggenmusik.jpg,['Carnival of Monthey' 'Guggenmusik from Switzerland'],"{'Music', 'Culture'}"
179,73462721,Rodions Kurucs.jpg,https://upload.wikimedia.org/wikipedia/commons/8/8b/Rodions_Kurucs.jpg,"['October 3, 2018: Nets vs. Knicks'
 'United States photographs taken on 2018-10-03' 'Rodions Kurucs']","{'Society', 'Sports'}"
180,52850323,ESP 047134 1615crater.jpg,https://upload.wikimedia.org/wikipedia/commons/d/da/ESP_047134_1615crater.jpg,"['Impact craters in Coprates quadrangle'
 'Layered features in Coprates quadrangle'
 'Stratigraphy of Coprates quadrangle'
 'Photos of Coprates quadrangle by HiRISE']","{'Places', 'Culture', 'Geology', 'History', 'STEM', 'Nature'}"
181,50629767,Daniel Akpeyi.jpg,https://upload.wikimedia.org/wikipedia/commons/b/b0/Daniel_Akpeyi.jpg,"['2016 Summer Olympics, Colombia v Nigeria, 10 August 2016'
 'Daniel Akpeyi']","{'Society', 'Sports'}"
182,1976225,Devils-Peak Sierra-SanPedroMartir BajaCalifornia Mexico.jpg,https://upload.wikimedia.org/wikipedia/commons/6/61/Devils-Peak_Sierra-SanPedroMartir_BajaCalifornia_Mexico.jpg,"['Sierra San Pedro Mártir' 'Mountains of Baja California'
 'National Astronomical Observatory (Mexico)']","{'Places', 'Space', 'STEM'}"
183,306735,Kepler astronomia nova.jpg,https://upload.wikimedia.org/wikipedia/commons/e/eb/Kepler_astronomia_nova.jpg,['Johannes Kepler' '1609 books' '1609 in Czechia' '1609 in astronomy'],"{'Society', 'Space', 'History', 'Culture', 'STEM', 'Nature', 'People'}"
184,17417450,Parrot horoscope.jpg,https://upload.wikimedia.org/wikipedia/commons/5/5b/Parrot_horoscope.jpg,"['TamilWiki Media Contest' 'Parrot astrology'
 'Domesticated Psittacula krameri']","{'Belief', 'History', 'Culture', 'Society'}"
185,19925408,Margie's Candies crop.JPG,https://upload.wikimedia.org/wikipedia/commons/3/3f/Margie%27s_Candies_crop.JPG,['Food of Chicago'],"{'Culture', 'Food'}"
186,15370766,Dewar-benzene-3D-balls.png,https://upload.wikimedia.org/wikipedia/commons/b/bd/Dewar-benzene-3D-balls.png,['Ball-and-stick models' 'Dewar benzene'],"{'STEM', 'Chemistry'}"
187,16496545,Spiridon Gopcevic 1.jpg,https://upload.wikimedia.org/wikipedia/commons/8/8f/Spiridon_Gopcevic_1.jpg,['Spiridon Gopčević'],"{'Space', 'Nature', 'STEM'}"
188,28050570,Lexicographic order on pairs of natural numbers.svg,https://upload.wikimedia.org/wikipedia/commons/8/8a/Lexicographic_order_on_pairs_of_natural_numbers.svg,['Hasse diagrams' 'Lattice theory' 'Set product'],"{'Mathematics', 'Diagrams', 'STEM'}"
189,9782815,MountainPassCA.jpg,https://upload.wikimedia.org/wikipedia/commons/2/20/MountainPassCA.jpg,"['Unincorporated communities in San Bernardino County, California'
 'Geology of California']","{'STEM', 'Society', 'Geology'}"
190,52002110,Space Center Houston Faith 7.jpg,https://upload.wikimedia.org/wikipedia/commons/e/e6/Space_Center_Houston_Faith_7.jpg,['Faith 7 at Space Center Houston'],"{'Belief', 'Culture'}"
191,8375275,Thames Gateway bridge location.PNG,https://upload.wikimedia.org/wikipedia/commons/a/ab/Thames_Gateway_bridge_location.PNG,"['Models and maps of bridges over the Thames in London'
 'Proposed or planned infrastructure in London'
 'Redeveloped ports and waterfronts'
 'Maps of reaches or the estuary of the River Thames'
 'Road bridges in the Royal Borough of Greenwich'
 'Road bridges in the London Borough of Newham']","{'Places', 'Maps & Flags', 'Culture', 'Politics', 'Transportation', 'Society'}"
192,5517009,Newton St Faith.JPG,https://upload.wikimedia.org/wikipedia/commons/4/4d/Newton_St_Faith.JPG,"['Newton St Faith' 'Village signs in Norfolk, England']","{'Places', 'Belief', 'Culture', 'Society'}"
193,90136259,Asoriculus hidalgo.jpg,https://upload.wikimedia.org/wikipedia/commons/f/f7/Asoriculus_hidalgo.jpg,"['Soricinae' 'Holocene extinction' 'Fossils of Spain'
 'Extinct Soricomorpha']","{'STEM', 'Fossils', 'Nature', 'Society'}"
194,18484767,Alexandra Rodionova 2012.jpg,https://upload.wikimedia.org/wikipedia/commons/c/c9/Alexandra_Rodionova_2012.jpg,"['Aleksandra Rodionova' 'February 2012 Russia photographs'
 '2012 in Moscow Oblast' 'Photographs by Alexey Nikolsky']","{'People', 'Society', 'Sports'}"
195,5025246,Chapmans pool panorama.jpg,https://upload.wikimedia.org/wikipedia/commons/d/d5/Chapmans_pool_panorama.jpg,"['August 2008 in Dorset' ""Chapman's Pool""]","{'Places', 'STEM', 'Geology'}"
196,6867506,Quesillo a la plancha.jpg,https://upload.wikimedia.org/wikipedia/commons/6/62/Quesillo_a_la_plancha.jpg,"['Cuisine of Oaxaca' 'Griddled food' 'Cheese-based food' 'Fried cheese'
 'Oaxaca cheese']","{'Culture', 'Technology & Engineering', 'Society', 'STEM', 'Nature', 'Food'}"
197,80790410,Signs of Months in Javanese Calendar.gif,https://upload.wikimedia.org/wikipedia/commons/1/13/Signs_of_Months_in_Javanese_Calendar.gif,['Astrology' 'Art of Java' 'History of the Indian Archipelago (Crawfurd)'],"{'History', 'Culture', 'Belief', 'Society', 'Art'}"
198,50412390,Thomas-de-Kent-Bnf-fr24364-fol54v-dent tyrant.jpg,https://upload.wikimedia.org/wikipedia/commons/e/eb/Thomas-de-Kent-Bnf-fr24364-fol54v-dent_tyrant.jpg,['Odontotyrannos' 'Roman de toute chevalerie - BnF fr 24364'],"{'Culture', 'Literature'}"
199,49035691,Jo-Cotten-FDR-LIFE-1944.jpg,https://upload.wikimedia.org/wikipedia/commons/3/30/Jo-Cotten-FDR-LIFE-1944.jpg,"['Franklin Delano Roosevelt presidential campaign, 1944' 'Jo Davidson'
 'Jan Kiepura' 'Joseph Cotten in 1944' 'Dorothy Gish' 'Harlow Shapley'
 'Life, 1944' 'Van Wyck Brooks' 'Franklin Delano Roosevelt in 1944'
 'White House in 1944' 'Franklin Delano Roosevelt in the Oval Office'
 'Hoover desk'
 'Media coverage of the United States presidential election, 1944'
 'Photographs by George Skadding' 'Hannah Weinstein']","{'Space', 'Culture', 'Politics', 'Society', 'STEM', 'Events', 'Nature', 'People'}"
200,1750960,Rubén Isaac Albarrán.jpg,https://upload.wikimedia.org/wikipedia/commons/d/d6/Rub%C3%A9n_Isaac_Albarr%C3%A1n.jpg,['Cafe Tacvba'],"{'Music', 'Culture', 'Society'}"
201,71424307,"Quarry, Eston Nab (geograph 4040410).jpg",https://upload.wikimedia.org/wikipedia/commons/f/f3/Quarry%2C_Eston_Nab_%28geograph_4040410%29.jpg,['Saltwick Formation' 'United Kingdom photographs taken on 2014-06-07'],"{'STEM', 'Geology'}"
202,49367348,Small India Civet(Viverricula indica).jpg,https://upload.wikimedia.org/wikipedia/commons/7/7a/Small_India_Civet%28Viverricula_indica%29.jpg,['Viverricula indica' 'India photographs taken on 2007-02-12'],"{'History', 'STEM', 'Culture', 'Geology'}"
203,81543124,Toronto PCC streetcar 4602 and Haagsche Tramweg-Maatschappij (HTM) 1329 at the National Capital Trolley Museum..jpg,https://upload.wikimedia.org/wikipedia/commons/7/73/Toronto_PCC_streetcar_4602_and_Haagsche_Tramweg-Maatschappij_%28HTM%29_1329_at_the_National_Capital_Trolley_Museum..jpg,"['National Capital Trolley Museum' '2 trams'
 'Trams in different liveries together' 'PCC-type tramcars'
 'Trams on ties-and-ballast rail tracks' 'August 2018 in Maryland'
 'Trams facing right' 'Number 4602 on TTC vehicles' '512 St. Clair'
 'Cream and purple land vehicles' 'Trams facing left'
 'Trams with fleet number 1329' 'Grey and yellow trams'
 'Tramline 1 in The Hague' 'PCC trams in The Hague' 'Second-hand trams']","{'Society', 'Culture', 'STEM', 'Technology & Engineering', 'Transportation'}"
204,57179598,Gerastos tuberculatus 20170317.jpg,https://upload.wikimedia.org/wikipedia/commons/4/4a/Gerastos_tuberculatus_20170317.jpg,"['Devonian fossils from Morocco' 'Fossils in the Museo Geominero'
 'Proetidae' 'Proetida fossils']","{'Events', 'STEM', 'Fossils', 'Nature', 'Society'}"
205,4096230,Gemuendina stuertzi.JPG,https://upload.wikimedia.org/wikipedia/commons/0/0c/Gemuendina_stuertzi.JPG,"['Placodermi fossils' 'Gemuendina'
 'Fossils in the American Museum of Natural History']","{'Fossils', 'Nature', 'STEM'}"
206,47177088,Democratic Straw poll.jpg,https://upload.wikimedia.org/wikipedia/commons/a/a7/Democratic_Straw_poll.jpg,"['Statewide opinion polling for the Democratic Party presidential primaries, 2008'
 'Straw polls']","{'Belief', 'Culture', 'Society'}"
207,1699157,Cayley's formula 2-4.svg,https://upload.wikimedia.org/wikipedia/commons/e/ee/Cayley%27s_formula_2-4.svg,['Tree (graph theory)' 'Arthur Cayley' 'Graph coloring; vertex'],"{'Mathematics', 'STEM'}"
208,51805709,Auzout crater van Albada crater 4191 h3.jpg,https://upload.wikimedia.org/wikipedia/commons/0/0d/Auzout_crater_van_Albada_crater_4191_h3.jpg,"['Van Albada (crater)' 'Auzout (crater)'
 'Photos of the Moon by Lunar Orbiter spacecraft']","{'Places', 'Space', 'STEM', 'Nature'}"
209,36426423,Henrik Verder.jpg,https://upload.wikimedia.org/wikipedia/commons/f/f2/Henrik_Verder.jpg,['Paediatricians'],"{'Medicine & Health', 'Nature', 'STEM', 'Society'}"
210,9489655,2010 Opening Ceremony - Latvia entering.jpg,https://upload.wikimedia.org/wikipedia/commons/0/00/2010_Opening_Ceremony_-_Latvia_entering.jpg,"['2010 Winter Olympics opening ceremony' 'Sportspeople from Latvia'
 'Standard-bearers at the opening ceremonies of the Olympic Games'
 'Parades at the opening ceremonies of the Olympic Games']","{'Events', 'Society', 'Sports'}"
211,84789801,AysunAliyeva (6).jpg,https://upload.wikimedia.org/wikipedia/commons/4/48/AysunAliyeva_%286%29.jpg,['Aysun Aliyeva' 'Fatih Vatan Spor vs ALG Spor 2019-20'],"{'History', 'Culture', 'Sports', 'Society'}"
212,87846822,"2020-03-08 23 43 19 Jell-O chocolate pudding in the Dulles section of Sterling, Loudoun County, Virginia.jpg",https://upload.wikimedia.org/wikipedia/commons/0/03/2020-03-08_23_43_19_Jell-O_chocolate_pudding_in_the_Dulles_section_of_Sterling%2C_Loudoun_County%2C_Virginia.jpg,"['Food in Dulles, Virginia' 'Jell-O chocolate pudding']","{'Culture', 'Food'}"
213,13271824,000719lg Enteric coated erythomycin.jpg,https://upload.wikimedia.org/wikipedia/commons/8/88/000719lg_Enteric_coated_erythomycin.jpg,['Red pills' 'Abbott Laboratories' 'Erythromycin' 'Capsules (pharmacy)'],"{'STEM', 'Technology & Engineering', 'Medicine & Health', 'Society'}"
214,1533804,Pigeon Post cover.jpg,https://upload.wikimedia.org/wikipedia/commons/f/ff/Pigeon_Post_cover.jpg,"['Swallows and Amazons' '1936 in art'
 'Book covers from the United Kingdom']","{'Culture', 'Literature'}"
215,1357698,Gosling Recording.jpg,https://upload.wikimedia.org/wikipedia/commons/4/49/Gosling_Recording.jpg,"['Hard rock groups from Washington (state)'
 'Alternative rock groups from Washington (state)'
 'Alternative metal music groups from the United States'
 'Tri-Cities (Washington)' 'Musicians in recording studios'
 'Heavy metal musical groups from Washington (state)']","{'Music', 'Places', 'Culture', 'Society'}"
216,8337678,Cartel-Oliveira Salazar.JPG,https://upload.wikimedia.org/wikipedia/commons/6/60/Cartel-Oliveira_Salazar.JPG,"['Sayings in Azulejos in Centro Cultural Rodrigues de Faria'
 'António de Oliveira Salazar' 'Mismatched azulejos in Portugal']","{'Culture', 'Literature', 'Politics', 'People', 'Society'}"
217,17976684,Bob Dibble.jpg,https://upload.wikimedia.org/wikipedia/commons/8/8a/Bob_Dibble.jpg,"['1882 births' '1963 deaths'
 'Players of England national rugby union team'
 'Male sportspeople from England' ""Men's rugby union players from England""
 'Men of England' 'People of Bridgwater'
 'Players of the British and Irish Lions']","{'Society', 'Sports', 'People'}"
218,24323415,Christ of the Abyss Key Largo (2027447382).jpg,https://upload.wikimedia.org/wikipedia/commons/d/da/Christ_of_the_Abyss_Key_Largo_%282027447382%29.jpg,"['Christ of the Abyss (Florida)'
 'United States photographs taken on 2007-11-01']","{'Society', 'Sports'}"
219,67944893,FMNH Parasaurolophus fossil.jpg,https://upload.wikimedia.org/wikipedia/commons/f/f2/FMNH_Parasaurolophus_fossil.jpg,"['Parasaurolophus cyrtocristatus skeletal mounts'
 'Dinosauria skeletal mounts in the Field Museum of Natural History']","{'Fossils', 'Nature', 'STEM'}"
220,4640701,France Kosovo Locator.png,https://upload.wikimedia.org/wikipedia/commons/b/b6/France_Kosovo_Locator.png,"['Bilateral maps of Kosovo' 'Bilateral maps of France'
 'Relations of France and Kosovo']","{'Places', 'Politics', 'Maps & Flags', 'Society'}"
221,54783960,'Auja Palestine.jpg,https://upload.wikimedia.org/wikipedia/commons/e/e1/%27Auja_Palestine.jpg,"['Operation Horev' 'Prisoners of war'
 'Egyptian Army in 1948 Arab-Israeli War' 'Auja al-Hafir']","{'Society', 'History', 'Culture', 'Transportation', 'People'}"
222,17566792,256colortestthing.png,https://upload.wikimedia.org/wikipedia/commons/d/d9/256colortestthing.png,['Dithering'],"{'Mathematics', 'STEM', 'Society'}"
223,4230966,SirThomasAstonAtWife'sDeathbed.jpg,https://upload.wikimedia.org/wikipedia/commons/e/ea/SirThomasAstonAtWife%27sDeathbed.jpg,"['1600 births' '1646 deaths' 'Deathbeds in art' 'Deaths in childbirth'
 'Portraits with gloves' 'Mourning portraits' 'Nobility of England'
 '17th-century paintings of Vanitas'
 '17th-century portraits with coat of arms' 'John Souch'
 'Mourning clothing' 'Portrait paintings in Manchester Art Gallery'
 'Deathbed portraits' ""Jacob's staff"" 'Paintings of cradles'
 'Mourning men in art' 'Widowers' '1635 paintings'
 '17th-century paintings in the United Kingdom' 'Aston arms'
 'Pulteney arms' 'Party per chevron sable and argent']","{'Places', 'Space', 'Culture', 'Technology & Engineering', 'Medicine & Health', 'Society', 'History', 'STEM', 'Events', 'People'}"
224,77669337,Frank Aresti with Fates Warning (1) Keep It True Festival 2016.jpg,https://upload.wikimedia.org/wikipedia/commons/c/cc/Frank_Aresti_with_Fates_Warning_%281%29.jpg,"['Fates Warning' 'Progressive metal guitarists'
 'Heavy metal guitarists from the United States' 'Keep It True in 2016'
 'Lauda-Königshofen photographs taken on 2016-04-30']","{'Music', 'Events', 'Culture', 'Society'}"
225,57089246,East Point.png,https://upload.wikimedia.org/wikipedia/commons/a/a2/East_Point.png,['Astrology' 'Celestial coordinate systems'],"{'Places', 'Space', 'History', 'Culture', 'STEM', 'Belief', 'Society'}"
226,10795645,I-vi-ii-V turnaround in G.png,https://upload.wikimedia.org/wikipedia/commons/8/88/I-vi-ii-V_turnaround_in_G.png,['Music images' 'I-vi-ii-V turnarounds'],"{'Music', 'Technology & Engineering', 'STEM', 'Culture'}"
227,26143805,West Point Howlin' Wolf Blues Trail Marker West Point.png,https://upload.wikimedia.org/wikipedia/commons/6/6f/West_Point_Howlin%27_Wolf_Blues_Trail_Marker_West_Point.png,"[""West Point Howlin' Wolf Blues Trail Marker""
 'Mississippi Blues Trail markers']","{'Music', 'Culture'}"
228,9103810,Dover Furnace Station Location.jpg,https://upload.wikimedia.org/wikipedia/commons/3/3d/Dover_Furnace_Station_Location.jpg,"['Former New York Central Railroad stations'
 'Transport in Dutchess County, New York'
 'Former train stations in New York (state)']","{'Transportation', 'Society'}"
229,82618475,Bus Operated by All China Express at Huanggang Checkpoint in Shenzhen awaiting departure cross-border to Mong Kok in Hong Kong pic 1.jpg,https://upload.wikimedia.org/wikipedia/commons/f/ff/Bus_Operated_by_All_China_Express_at_Huanggang_Checkpoint_in_Shenzhen_awaiting_departure_cross-border_to_Mong_Kok_in_Hong_Kong_pic_1.jpg,"['Huanggang Port Control Point' 'Huanggang, Shenzhen' 'Buses in Shenzhen'
 'All China Express' 'September 2019 in transport in China']","{'Places', 'Society', 'Transportation'}"
230,12082387,Chorangioma - low mag.jpg,https://upload.wikimedia.org/wikipedia/commons/a/a1/Chorangioma_-_low_mag.jpg,['Histopathology of chorangioma' 'Bright-field microscopic images'],"{'Medicine & Health', 'STEM'}"
231,24614949,Jochen Herbst 1968.jpg,https://upload.wikimedia.org/wikipedia/commons/8/80/Jochen_Herbst_1968.jpg,['Jochen Herbst'],"{'Society', 'Sports'}"
232,10671620,DesulfMech5.png,https://upload.wikimedia.org/wikipedia/commons/3/36/DesulfMech5.png,['Desulfurization reactions'],"{'STEM', 'Chemistry'}"
233,10536059,64Alt1.png,https://upload.wikimedia.org/wikipedia/commons/0/01/64Alt1.png,['Cycloadditions'],"{'STEM', 'Chemistry'}"
234,17500550,7e Régiment Parachutiste de Commandement et Soutien.jpg,https://upload.wikimedia.org/wikipedia/commons/2/2a/7e_R%C3%A9giment_Parachutiste_de_Commandement_et_Soutien.jpg,"[""Parachutistes d'infanterie de marine""
 'Military insignia of French sustain units'
 'Military insignia of French airborne']","{'People', 'Transportation', 'Society'}"
235,31696772,Compsognathus.jpg,https://upload.wikimedia.org/wikipedia/commons/0/0a/Compsognathus.jpg,"['Compsognathus (specimen BSP AS I 563)'
 'Skeletal diagrams by Jaime Headden'
 'Coelurosauria known material diagrams' 'Images from DeviantArt'
 'Compsognathus (specimen MNHN CNJ 79)']","{'Diagrams', 'STEM', 'Fossils', 'Nature'}"
236,28912609,Mangu dominicano --Contenido- -Lonjas de salami fritas -Lonjas de queso blanco -Mangu o puré de plátano verde -Mantequilla --Este es un plato típico en el desayuno dominicano --República Dominicana - 2013-10-08 14-28.jpg,https://upload.wikimedia.org/wikipedia/commons/b/be/Mangu_dominicano_--Contenido-_-Lonjas_de_salami_fritas_-Lonjas_de_queso_blanco_-Mangu_o_pur%C3%A9_de_pl%C3%A1tano_verde_-Mantequilla_--Este_es_un_plato_t%C3%ADpico_en_el_desayuno_dominicano_--Rep%C3%BAblica_Dominicana_-_2013-10-08_14-28.jpg,"['Queso blanco' 'Curd cheese-based food' 'Potato as side dish'
 'Sliced meat' 'Salami' 'Plantain dishes of the Dominican Republic'
 'Puréed vegetables']","{'STEM', 'Culture', 'Technology & Engineering', 'Food'}"
237,10881103,Luca Antonini.jpg,https://upload.wikimedia.org/wikipedia/commons/7/72/Luca_Antonini.jpg,['Luca Antonini'],"{'Society', 'Sports'}"
238,343759,Evstafiev-chechnya-women-pray.jpg,https://upload.wikimedia.org/wikipedia/commons/e/e6/Evstafiev-chechnya-women-pray.jpg,"['Groups of women' ""Du'a"" 'First Chechen War' 'Chechen women' 'Keyakinan']","{'History', 'Culture', 'Belief', 'People', 'Society'}"
239,35445818,CSIRO ScienceImage 1483 Olivine Adcumulate.jpg,https://upload.wikimedia.org/wikipedia/commons/c/c2/CSIRO_ScienceImage_1483_Olivine_Adcumulate.jpg,"['Mining in Western Australia' 'Komatiite' 'Geology of Western Australia'
 'Igneous rocks in thin section' 'Microscopic images of olivine']","{'Nature', 'STEM', 'Geology'}"
240,63300515,Branching in DRAKON.png,https://upload.wikimedia.org/wikipedia/commons/4/4c/Branching_in_DRAKON.png,['DRAKON' 'Flow charts' 'Algorithms'],"{'Mathematics', 'Diagrams', 'STEM'}"
241,9863409,Chambers Street BMT 025.JPG,https://upload.wikimedia.org/wikipedia/commons/4/4f/Chambers_Street_BMT_025.JPG,"['Chambers Street (BMT Nassau Street Line)'
 'Art in the New York City Subway' 'Brooklyn Bridge in art'
 'New York City Subway station mezzanines']","{'Places', 'Culture', 'Politics', 'Society', 'Architecture', 'STEM', 'Nature', 'Art'}"
242,15464022,Manda pitha Odia cuisine.jpg,https://upload.wikimedia.org/wikipedia/commons/a/a5/Manda_pitha_Odia_cuisine.jpg,['Manda pitha'],"{'Culture', 'Food'}"
243,20096264,Inserciomamifers.jpg,https://upload.wikimedia.org/wikipedia/commons/3/33/Inserciomamifers.jpg,"['Geological maps of the Mediterranean Sea' 'Messinian salinity crisis'
 'Maps of the history of coastlines in the Mediterranean Sea'
 '2011-2012 course contributions from Llotja']","{'Places', 'STEM', 'Geology', 'Maps & Flags'}"
244,70693957,The Spiral Chart (or the Square of Nine).jpg,https://upload.wikimedia.org/wikipedia/commons/2/25/The_Spiral_Chart_%28or_the_Square_of_Nine%29.jpg,['Astrology' 'Stock exchanges'],"{'History', 'Culture', 'Belief', 'Society'}"
245,5865858,George Nelson Allen.jpg,https://upload.wikimedia.org/wikipedia/commons/1/1c/George_Nelson_Allen.jpg,"['1812 births' '1877 deaths' 'Allen (surname)' 'George (given name)'
 'Male composers from the United States'
 'Male geologists from the United States' 'Oberlin College'
 'People associated with Yellowstone National Park'
 'Seventh-day Adventists']","{'Places', 'Culture', 'Geology', 'Society', 'History', 'STEM', 'Nature', 'People'}"
246,26109091,Khamla Panyasouk of Big Brother Mouse reads to children.jpg,https://upload.wikimedia.org/wikipedia/commons/6/63/Khamla_Panyasouk_of_Big_Brother_Mouse_reads_to_children.jpg,['Literature of Laos'],"{'Culture', 'Literature'}"
247,50649747,Harakawa.jpg,https://upload.wikimedia.org/wikipedia/commons/3/32/Harakawa.jpg,"['Players of Kyoto Sanga FC' 'Players of Ehime FC'
 'Players of Kawasaki Frontale' 'Players of Sagan Tosu'
 'FC Tokyo vs Kawasaki Frontale, 16 April 2016']","{'Culture', 'Society', 'Sports'}"
248,87542008,Geotodd3.jpg,https://upload.wikimedia.org/wikipedia/commons/8/8f/Geotodd3.jpg,['George M. Todd' 'Tintypes'],"{'Culture', 'Technology & Engineering', 'Politics', 'Society', 'History', 'STEM', 'People'}"
249,64329683,Vandalism Following Controversial Gentrification Ad .jpg,https://upload.wikimedia.org/wikipedia/commons/d/d2/Vandalism_Following_Controversial_Gentrification_Ad_.jpg,"['Demonstrations and protests' 'Anti-gentrification graffiti'
 'Five Points, Denver' 'Gentrification in the United States'
 'Coffee shops in the United States'
 'Demonstrations and protests in Denver, Colorado' 'Text:White']","{'STEM', 'Events', 'Politics', 'Nature', 'Society'}"
250,62693580,Exchange houses act as banking agents for Dinarak.jpg,https://upload.wikimedia.org/wikipedia/commons/3/3a/Exchange_houses_act_as_banking_agents_for_Dinarak.jpg,['Foreign exchange market' 'Mobile payment'],"{'Transportation', 'Society'}"
251,1052959,Frontquarter.jpg,https://upload.wikimedia.org/wikipedia/commons/5/5e/Frontquarter.jpg,"['White road vehicles' 'Blue and white road vehicles'
 'Recumbent tricycles' 'Velomobile' 'Dotted' 'Land vehicles facing left']","{'Society', 'Sports', 'Transportation'}"
252,41602282,Derangement4.png,https://upload.wikimedia.org/wikipedia/commons/f/f1/Derangement4.png,['All 24 permutations of 4 elements' 'Created with Xfig'],"{'Mathematics', 'STEM'}"
253,5511326,Crab and the Monkey Emaki 1.jpg,https://upload.wikimedia.org/wikipedia/commons/a/ad/Crab_and_the_Monkey_Emaki_1.jpg,['The Crab and the Monkey'],"{'Culture', 'Literature'}"
254,73895536,Flamingo Amphitheater Milky Way April 2018.jpg,https://upload.wikimedia.org/wikipedia/commons/0/0f/Flamingo_Amphitheater_Milky_Way_April_2018.jpg,"['Everglades National Park' 'Milky Way Galaxy over the United States'
 'Night in Florida']","{'Places', 'Space', 'STEM', 'Nature', 'Society'}"
255,7116690,Anostoma depressum digestive.jpg,https://upload.wikimedia.org/wikipedia/commons/b/bf/Anostoma_depressum_digestive.jpg,"['Anostoma depressum' 'Digestive system of Gastropoda'
 'Zoological illustrations from Proceedings of the Academy of Natural Sciences of Philadelphia']","{'STEM', 'Geology'}"
256,15342568,"International Music Summit 2011, Ibiza.jpg",https://upload.wikimedia.org/wikipedia/commons/f/f4/International_Music_Summit_2011%2C_Ibiza.jpg,"['May 2011 in the Balearic Islands' 'Dalt Vila at night' 'Music festivals'
 'Music of Ibiza' 'International Music Summit']","{'Culture', 'STEM', 'Music', 'Events', 'Nature', 'Society'}"
257,11111987,IndyGorgosaurus.jpg,https://upload.wikimedia.org/wikipedia/commons/2/29/IndyGorgosaurus.jpg,['Gorgosaurus skeletal mounts' 'Gorgosaurus skulls'],"{'STEM', 'Fossils', 'Nature'}"
258,2111722,Mohr burette.jpg,https://upload.wikimedia.org/wikipedia/commons/9/9f/Mohr_burette.jpg,['Burettes' 'Karl Friedrich Mohr'],"{'Nature', 'STEM', 'Chemistry'}"
259,11536754,BigJam BiPhase-9.jpg,https://upload.wikimedia.org/wikipedia/commons/6/60/BigJam_BiPhase-9.jpg,"['Nihon Hammond' 'Multivox' 'Phaser (effects unit)' 'Guitar effects'
 'Mustudio by Jean-Bernard Emond' 'Files from akorbeti Flickr stream']","{'Music', 'Culture', 'Society'}"
